stop_id,stop_name,stop_lat,stop_lon
2332156,South Blvd and Mobile Hwy,32.328542094233,-86.343528211578
2332157,South Blvd Wendys,32.328161615641,-86.341412620558
2332158,South Blvd Comfort Inn,32.327545658371,-86.337900339562
2332159,South Blvd Waffle House,32.32678906208,-86.332883925402
2332160,South Blvd Pizza Hut,32.326176467129,-86.328874173817
2332161,South Blvd Davenport Dr,32.326140614368,-86.325401524914
2332162,South Blvd Rosa Parks,32.326396660411,-86.317065562714
2332163,South Blvd & Court St,32.326554790289,-86.30804348738
2332164,E South Blvd Norman Bridge,32.326595204042,-86.300740460224
2332165,South Blvd,32.326506669809,-86.297031086627
2332166,South Blvd Sunshine Dr,32.326542499047,-86.291094492732
2332167,South Blvd Narrow Lane,32.326677653146,-86.283648289529
2332168,Eastern Blvd and Christine Elizabeth Curve,32.328346689041,-86.234535588552
2332169,Eastern Blvd. and Calmar Dr.,32.329927831378,-86.232456036817
2332170,Eastern Blvd and Buckboard Rd,32.33500824139,-86.22880278018
2332171,Eastern Blvd and Carriage Hills,32.338581990559,-86.226796309941
2332172,Eastern Blvd and Monticello,32.365473928064,-86.211905388978
2332173,Eastern Blvd at Zolen Rd,32.368224769092,-86.210332687034
2332174,Eastern Blvd at E Shirley Ln,32.370666891113,-86.209386900547
2332175,Eastern Blvd at Eddins Rd.,32.376493048645,-86.209201767922
2332176,Eastdale Circle Entrance,32.385509109317,-86.209914310798
2332177,Eastdale Circle and Dunbarton (Eastdale Mall),32.387377870628,-86.204366324891
2332178,Eastdale Mall Circle and Atlanta Hwy,32.382309688175,-86.204054939344
2332179,E Blvd Service Rd and Dalphon Rd.,32.378305827234,-86.210119728648
2332180,Eastern Blvd at E Shirley ln,32.371177134777,-86.209672803649
2332181,Eastern Blvd at Monticello Dr.,32.365945495704,-86.212371909829
2332182,Eastern Blvd at Woodmere,32.357581270123,-86.216898695941
2332183,Eastern Blvd at Hitching Post Ln,32.341591326148,-86.22569166178
2332184,Eastern Blvd at Carriage Hills,32.339104738982,-86.227061307936
2332232,Lagoon Park Dr & Shadey Grove Dr,32.400154819759,-86.221814354175
2332233,Lagoon Park Dr & Shadey Grove Dr,32.400202012362,-86.221686460997
2332234,Lagoon Park Dr. & Plantation Way,32.399542208501,-86.213852934719
2332235,Lagoon Park Dr. & Plantation Way,32.399640277461,-86.21364323956
2332236,Lagoon Park Dr. & Eastern Blvd.,32.399726053191,-86.212655607675
2332237,Eastern Blvd. & Twain Curve,32.394280082181,-86.211622860343
2332238,Twain Curve and Oliver Rd.,32.394166850727,-86.210017941109
2332239,Twain Curve and Wares Ferry Rd.,32.391771811818,-86.209942331523
2332240,Wares Ferry Rd & Dunbarton Rd,32.392618667567,-86.20526227911
2332241,Wares Ferry Rd & Oakwild Dr,32.392779782567,-86.200697664058
2332242,Wares Ferry & Dunbarton Rd,32.392802231156,-86.205032442997
2332243,Wares Ferry & Twain Curve,32.391819933119,-86.209644930026
2332244,Twain Curve & Oliver Rd.,32.394121971555,-86.209879280518
2332245,Twain Curve & Eastern Blvd.,32.394307311299,-86.211282083114
2332246,Lagoon Park Dr. & Gunter Park Dr. E.,32.400203981649,-86.226810440769
2332247,2739 Lagoon Park Dr. E.,32.402879759966,-86.226727238318
2332248,Gunter Park Dr. E & Midpark Rd,32.404237626865,-86.227254471644
2332249,Gunter Park Dr. @ Rheem Water Heating,32.410977831761,-86.227616556486
2332250,Gunter Park Dr E. & Gunter Park Dr W.,32.415528681726,-86.22805106617
2332251,EastChase Pkwy & Eastchase Ln,32.360654949249,-86.156059139178
2332252,EastChase Pkwy & Eastchase Ln,32.360971999559,-86.155568894885
2332253,EastChase Pkwy at Costco,32.363680068891,-86.149172191287
2332254,EastChase Pkwy at Costco,32.362138008658,-86.151456517758
2332255,EastChase Pkwy & Boyd Cooper Pkwy.,32.364842723868,-86.141854381146
2332256,EastChase Pkwy & Boyd Cooper Pkwy.,32.364855677152,-86.141656412304
2332257,EastChase Pkwy & Minnie Brown Rd,32.362505949288,-86.138618043483
2332258,EastChase Pkwy & Minnie Brown Rd,32.362514192504,-86.138442380994
2332259,Chantilly Pkwy & EastChase Pkwy.,32.361983091001,-86.136130886225
2332260,Chantilly Pkwy & EastChase Pkwy.,32.362542455148,-86.136247994536
2332261,Chantilly Pkwy at WalMart,32.358002231406,-86.133883432189
2332262,Chantilly Pkwy & Chantilly Dr.,32.356747853857,-86.134477961193
2332263,Chantilly Dr & Service Rd,32.355872623493,-86.133323577798
2332264,Service Rd & Chantilly Pkwy.,32.356594324616,-86.132482443231
2332265,Chantilly Pkwy. & Ryan Rd.,32.354544965623,-86.128268729575
2332266,Chantilly Pkwy. & Ryan Rd.,32.358246582751,-86.133514111115
2332267,VA Hospital,32.356679496625,-86.128950149965
2332281,Baptist Hospital @ Morrow Dr,32.328573628439,-86.276529802701
2332282,Brewer Rd,32.310894856561,-86.388193654262
2332284,Schley St. & Rice St.,32.371117998688,-86.3407539829
2332285,Rice St. & May St.,32.371182262435,-86.335573904832
2332286,Lee St. & Court St.,32.375155085481,-86.309059298865
2332287,S. Court St. & Flemming Rd.,32.322579799983,-86.307867533071
2332288,Fleming Rd. & Rosa Parks,32.322493452813,-86.315937448579
2332289,Rosa Parks & South Blvd.,32.326368484912,-86.315849046265
2332290,S. Court St. & Fairview Ave.,32.351701278835,-86.30833634878
2332291,Clay St. & Goldthwaite St.,32.37665869045,-86.315475854301
2332292,Clay St & Dickerson,32.376370727084,-86.322902323447
2332293,Dickerson St. & Clay St.,32.373435861657,-86.322869377939
2332294,Mobile Rd. & Terminal Rd.,32.35836544615,-86.331838780772
2332295,Airbase Blvd. & Mobile Hwy.,32.3472457248,-86.339722025068
2332296,N Holt St. & Clay St.,32.376400433099,-86.320837422122
2332297,Crossway St. & Mobile Rd.,32.355567599373,-86.334822724285
2332298,Perry Hill Rd. & Carmichael Rd.,32.356175080791,-86.243938194763
2332299,Fairview Ave. & Norman Bridge Rd.,32.35196052842,-86.299842678903
2332300,Decatur St. & Carter Hill. Rd.,32.363009306571,-86.300070159541
2332301,Adams Ave. & Jackson St.,32.375577934935,-86.296411350553
2332302,Washington Ave. & Jackson St.,32.376676845196,-86.296594171383
2332303,Lee St. & Church St.,32.375710962429,-86.309281913077
2332304,Montgomery St. & Lee St.,32.376931491089,-86.310436994397
2332305,Eastchase Pkwy. @ Five Guys,32.360299502188,-86.16618318975
2332306,Berryhill Rd.,32.360145577067,-86.162925773182
2332325,Fairview and Norman Bridge,32.351609027811,-86.299923013199
2332326,Norman Bridge & E. Edgemont Ave.,32.344710997106,-86.299802856751
2332327,Morrow Dr & Normandie Dr.,32.328606717239,-86.276222427179
2332333,Tremont St & Vandy Dr.,32.429964823884,-86.287097925157
2332400,Park Blvd. & Eastern Blvd.,32.332929209958,-86.230564731941
2332401,McGhee Rd & McGhee Place Dr. North,32.33318898804,-86.246989344126
2332402,McGhee Rd. & Fieldcrest Dr.,32.336250765405,-86.251075986893
2332403,McGhee Rd. & Carter Hill Rd.,32.337770319455,-86.260700448966
2332404,McGhee Rd @ Dannelly Elementry School,32.342968788802,-86.260691545715
2388568,McLemore @ WalMart Shopping Center,32.383526145402,-86.180205852262
2388569,AUM School of Nursing,32.366673458325,-86.176537247545
2388572,Troy Hwy & Jack Pine Dr.,32.310048261409,-86.220379139858
2388573,Jack Pine Dr. @ Troy Hwy.,32.310246197758,-86.220086971874
2391806,Perry Hill & Cairnbrook,32.353906482668,-86.243506988784
2391807,Perry Hill & Cairnbrook (w),32.354299027129,-86.243883773728
2506625,Dickerson St. & Day St.,32.3697531314246,-86.323144503192
2506626,Day St. & Dickerson St.,32.3694980559914,-86.3231548872771
783799,Fairview Transfer Center,32.3516313,-86.3363389
783800,W. Jeff Davis Ave. & Rosa Parks Ave.,32.3660116,-86.3168519
783802,Rosa Parks Ave. & Fairview Ave.,32.3517984,-86.3166597
783803,Delano Ave. & Norman Bridge Rd.,32.3372891,-86.2995815
783805,Intermodal Transfer Center,32.379254,-86.314978
783806,Highland Ave. & Ann St.,32.372023,-86.2711211
783807,Vaughn Rd. & East Blvd.,32.34443823,-86.2249319
783808,Vaughn Rd. & Taylor Rd.,32.33851035,-86.180773
783809,The Shoppes at Eastchase,32.35631,-86.1637197
783810,AUM Campus,32.3682193,-86.1735742
783811,Wal-Mart (On Atlanta Highway),32.3834592115687,-86.1853121001042
783813,Atlanta Hwy. & Ann St.,32.38086491,-86.27291291
783814,Perry Hill Rd. & Atlanta Hwy. (East),32.38280466,-86.24545601
783816,Pinebrook Dr. & Wares Ferry Rd.,32.39945511,-86.1896234
783817,Eastdale Mall,32.38286654,-86.20629642
783820,Baptist Medical Center South,32.3272356,-86.2782923
783821,One Center,32.327874483396,-86.246485043478
783822,Wal-Mart (On Christine Elizabeth Curv),32.3260844,-86.2338514
783824,Sadler St. & N. Decatur,32.3852462,-86.30289202
783825,Alabama River Pkwy. & Coliseum Blvd.,32.4253075122243,-86.2685726786925
783827,Jackson Hospital,32.36682404,-86.28631861
783828,Carter Hill @ Zelda Rd.,32.35244026,-86.26436809
783831,Mobile Hwy. & Hwy 80,32.31361888,-86.35008451
783832,Woodcrest & Yorkshire,32.31452883,-86.37048937
783833,Gateway Dr. & Piedmont,32.31209066,-86.3831161
783834,Richardson Rd. & Hwy 80,32.30718665,-86.39666507
783835,Montgomery Regional Airport,32.30484931,-86.3899229
783836,Greenleaf Dr. & Mobile Hwy.,32.30036155,-86.34777608
783838,Maxwell Blvd. & Eugene St.,32.377624,-86.328099
783839,Hunter Station,32.39204451,-86.391694
783840,Old Selma Rd. & Trinity Rd.,32.36430754,-86.36339125
783842,Crestview & Federal Dr.,32.39554745,-86.27332616
783845,Troy Hwy. & Cherry Hill Rd.,32.3120988,-86.2251002
783846,Woodley Rd. & Eagerton Rd.,32.31136318,-86.25590023
783847,Woodley Rd. & South Blvd.,32.3269607,-86.2639943
783854,Highland Ave. & Ann St.,32.37247212,-86.27179298
783855,Vaughn Rd. & East Blvd.,32.34508397,-86.22629983
783856,Vaughn Rd. & Taylor Rd.,32.33874911,-86.18078641
783857,VA Hospital,32.37577738,-86.24374921
783858,Perry Hill Rd. & Atlanta Hwy.,32.38297907,-86.24503759
783859,Madison Ave. & Ann St.,32.38126533,-86.27280294
783860,Rosa Parks & Patton Ave.,32.3341225,-86.3160336
783861,Sadler St. & N. Decatur,32.3852417,-86.3027633
783862,Jackson Hospital,32.36724695,-86.28652782
783863,Carter Hill & Zelda Rd.,32.35228958,-86.26442308
783864,Mobile Hwy. & Hwy 80,32.31309313,-86.34974387
783895,Maxwell Blvd. & Eugene St.,32.37726609,-86.32805072
783896,Crestview & Federal Dr.,32.39566756,-86.27326447
783897,Gaston Ave. & Patton Ave.,32.33408322,-86.31804992
783898,South Court St. & Flemming Rd.,32.32247831,-86.30795666
783899,Catholic Social Services,32.3200902622013,-86.2821355303319
783900,South Blvd. & Davenport Dr.,32.32654334,-86.32514653
783901,Mobile Dr. & Edgemont Ave.,32.34468417,-86.3327761
783902,South Blvd. & Mobile Hwy.,32.32940507,-86.3441647
783903,Otis Ln. & East Smiley Ct.,32.33409077,-86.35002813
783904,Airbase Blvd. & Day St.,32.369082,-86.34889896
783905,Day Street Rd. & Terminal Rd.,32.35866824,-86.34013412
783906,Oak St. & W. Jeff Davis,32.365902,-86.32508713
783907,Cloverdale Rd & Norman Bridge Rd,32.358147334269,-86.29974335184
783908,Old Farm & Pinehurst,32.34942313,-86.26590916
783909,Cloverdale & Decatur,32.358293419695,-86.299993130107
783910,Perry Hill Rd & Carmichael Rd.,32.356193804603,-86.243367953349
783911,Eastern Blvd. & Vaughn Rd.,32.344883281727,-86.223318449807
783913,Troy Hwy. & Cherry Hill Rd.,32.31266031,-86.22488294
789253,McKee Junior High School,32.293826,-86.253204
795058,Molton & Bibb,32.3775864,-86.3130087
795059,Bibb & Lee,32.3780202,-86.3118111
795060,Bibb & Commerce,32.3787349,-86.310769
795061,Bibb & Coosa,32.3794677,-86.3097471
795062,Madison & Perry,32.37975528438,-86.307641950102
795063,Madison & Lawrence,32.3797327,-86.3064829
795064,Madison & McDonough,32.3798029,-86.3052531
795065,Madison & Hull,32.3798539,-86.3040085
795066,Madison & Decatur,32.3799139,-86.3027962
795067,Madison & Bainbridge,32.3799603,-86.3015503
795068,Bainbridge & Monroe,32.3790746,-86.3014832
795069,Bainbridge & Dexter,32.3778129,-86.3013665
795070,Bainbridge & Washington,32.3766746,-86.3013344
795071,Bainbridge & Adams,32.3754559,-86.3012552
795072,Adams & Union,32.3753495,-86.2997197
795073,Adams & Ripley,32.3753993,-86.2981707
795074,Adams & Jackson,32.3754038,-86.2966217
795075,Adams & Brassell,32.3754548,-86.2952699
795076,Adams & Yougene,32.3754888,-86.2931536
795077,Adams & Hall,32.3752305,-86.2916878
795078,Mt. Meigs & Chase,32.3749089,-86.2872192
795079,Mt. Meigs & Hopper,32.3747469,-86.2878254
795080,Mt. Meigs & Cory,32.3751139,-86.2864816
795081,Mt. Meigs & Lewis,32.3752713,-86.2860484
795082,Mt. Meigs & Capitol ,32.3756054,-86.2848964
795083,Capitol & Miriam,32.3745328,-86.2844914
795084,Capitol & Yougene,32.3739155,-86.2842889
795085,Capitol & Palmetto,32.3734081,-86.2842795
795086,Capitol & Highland,32.3723366,-86.2842822
795087,Putnam & Highland,32.3720715,-86.2830886
795088,Putnam & Plum,32.371213,-86.2830605
795089,Putnam & Cherry,32.3701109,-86.2830739
795090,Cherry & Boyce,32.3699964,-86.2818669
795091,Cherry & Arthur,32.3700327,-86.280617
795092,Arthur & Plum,32.3710782,-86.2805231
795093,Plum & Boyce,32.3712209,-86.2816872
795094,Plumb & Highland,32.3721259,-86.2817167
795095,Highland & Arthur,32.3721338,-86.2807256
795096,Highland & Buford,32.3721633,-86.2795119
795097,Highland & Polk,32.372178,-86.2783733
795098,Highland & Ryan,32.3721995,-86.2772414
795099,Highland & Charles,32.3722211,-86.2754296
795100,Highland & Panama,32.3722528,-86.2744144
795101,Highland & Grace,32.3722936,-86.2733173
795102,Ann & Plum,32.3713738,-86.271071
795103,Ann & Cherry,32.3702717,-86.2710831
795104,Ann & Locust,32.3692511,-86.2710442
795105,Ann & Poplar,32.3683155,-86.2711769
795106,Ann & Chesnut,32.367415,-86.2713151
795107,Zelda & Ann,32.3639804,-86.270674
795108,Zelda & F Scott,32.3639657,-86.2684652
795109,Zelda & Gatsby Dr.,32.3624806,-86.2662899
795110,Zelda & Gatsby Ln. North,32.3610442,-86.2656502
795111,Zelda & Gatsby Ln. South,32.3586324,-86.2649502
795112,Zelda & Malone,32.357793,-86.2649502
795113,Zelda & Fitzgerald,32.3563032,-86.2649086
795114,Zelda North of Vaughn,32.3537225,-86.2636976
795115,Carter Hill @ Vaughn,32.3522848,-86.2637808
795116,Vaughn at Montgomery Academy,32.3523029,-86.2604307
795117,Vaughn & Wentworth,32.3523335,-86.2581682
795118,Vaughn & Croom,32.3523551,-86.2561472
795119,Vaughn & Hillwood,32.3523721,-86.2549362
795120,Vaughn & Vaughn Ln,32.3523958,-86.2519026
795121,Vaughn & Fairforest,32.3524162,-86.2505226
795122,Vaughn & Radcliffe,32.3524242,-86.2489428
795123,Vaughn & Shoreham,32.3524412,-86.2476888
795124,Vaughn & Perry Hill,32.3516447,-86.2449329
795125,Vaughn & Green Acres ,32.3491613,-86.242134
795126,Vaughn & Talbot ,32.3486401,-86.2404522
795127,Vaughn & Worley,32.3482662,-86.2391138
795128,Vaughn & Kingsbury,32.3477111,-86.2371451
795129,Vaughn & Cottingham,32.3471072,-86.2350395
795130,Fairlane & Vaughn,32.3457167090593,-86.2323010189796
795131,Vaughn & Young Farm,32.3459323,-86.230858
795132,Vaughn & Central ,32.3450859,-86.2272035
795133,Vaughn & US 80 Service,32.3438101,-86.2230125
795134,Vaughn & Vaughn Plaza,32.3432334,-86.2210706
795135,Vaughn & Carriage Brook,32.3424867,-86.2185748
795136,Vaughn & Rexford,32.3422318,-86.2174147
795137,Vaughn & Young Meadows,32.3415021,-86.2119564
795138,Vaughn at St. James School,32.3409514,-86.2073216
795139,Vaughn & Edinburgh,32.3402512,-86.2017922
795140,Vaughn & Briar Gate,32.3400869,-86.2004994
795141,Vaughn & Old Orchard,32.3399282,-86.1991583
795142,Vaughn & Bell,32.3395543,-86.1965981
795143,Vaughn & Watchman,32.338717,-86.1935189
795144,Vaughn & Mill Ridge,32.338419,-86.1900227
795145,Vaughn & Laurelwood,32.3383997,-86.1848836
795146,Taylor & Taylor Park,32.340599,-86.1790846
795147,Point 93,32.3428368,-86.1791208
795148,Taylor & Halcyon,32.3448559,-86.1786193
795149,Taylor & Taylor Ct.,32.3463367,-86.1778723
795150,Taylor & Taylor Circle South,32.3473236,-86.1771132
795151,Taylor & Taylor Circle North,32.3481541,-86.1764695
795152,Taylor & Halcyon,32.3525884,-86.1730456
795153,Taylor & Berryhill,32.3540148,-86.171734
795154,Berryhill & Tin Barn,32.3537565,-86.1675122
795155,Berryhill & Old Oak,32.3539683,-86.1662221
795156,Berryhill & Parkview,32.3543252,-86.1651385
795158,Berryhill & Eastchase Pkwy.,32.3604687,-86.1628318
795159,Eastchase & Eastchase Loop North,32.3595885,-86.1687514
795160,Eastchase & Eastchase Loop South,32.3582948,-86.1692208
795161,Eastchase & Taylor,32.3572481,-86.1707242
795162,Taylor & Halcyon Summit South,32.3652752,-86.171152
795163,Taylor & Halcyon Summit North,32.3681071,-86.1711587
795164,Taylor & University,32.3697371,-86.1711828
795165,Taylor & Sydney Curve,32.3735225,-86.171443
795166,Taylor & Copperfield,32.3760902,-86.1716039
795167,Winton Blount & Mitylene,32.3780655,-86.1747676
795168,Winton Blount & Brown Springs ,32.3779907,-86.179719
795169,Brown Springs & Oats,32.3809525,-86.1798947
795170,Brown Springs & Oats,32.3811597,-86.1801508
795171,Winton Blount & Brown Springs,32.377882,-86.1795661
795172,Brown Springs & Mitylene Park,32.3779115,-86.1747086
795173,Taylor Rd & Copperfield,32.3760019,-86.1718413
795174,Taylor Rd & Sydney Curve,32.373749,-86.1716884
795175,Taylor Rd & East,32.3674965,-86.1716053
795176,Taylor Rd & Wadsworth,32.3651687,-86.1715758
795177,Eastchase & Taylor,32.3569852,-86.1707389
795178,Eastchase & Easchase Loop South,32.3582722,-86.1689338
795179,Eastchase & Easchase Loop North,32.3593234,-86.1685556
795180,Eastchase & Berryhill,32.360943430582,-86.163197261002
795181,Berryhill & Eastchase Ln.,32.3568595,-86.1638135
795182,Berryhill & Parkview,32.3547002,-86.16505
795183,Berryhill & Oak,32.3542663,-86.165797
795184,Berryhill & Tin Barn,32.3540205,-86.1670965
795185,Berryhill & Taylor,32.3539717,-86.1710246
795186,Taylor & Barnett,32.3524752,-86.1736666
795187,Taylor & Prairie,32.3480204,-86.1771789
795188,Taylor & Meriwether,32.346279,-86.1785066
795189,Taylor & Eastwood Glen,32.3452728,-86.1789733
795190,Taylor & Chappelle,32.3429694,-86.1795956
795191,Taylor & Taylor Park,32.3408041,-86.1795916
795192,Vaughn & Laurelwood,32.3386468,-86.1850257
795193,Vaughn & Mill Ridge,32.3386478,-86.1896338
795194,Vaughn & Bell,32.3394875,-86.1955225
795195,Vaughn & Old Orchard,32.3400653,-86.1987627
795196,Vaughn & Boykin ,32.3404245,-86.2014033
795197,Vaughn & Festival,32.3411293,-86.2069032
795198,Vaughn & Young Meadows,32.3416641,-86.2114348
795199,Vaughn & Vaugh Lakes ,32.3421672,-86.2153991
795200,Vaughn & Rexford,32.3424142,-86.2171519
795201,Vaughn & Office Park,32.3426317,-86.2182637
795202,Vaughn & The Meadows,32.343213,-86.2202874
795203,Vaughn & US 80 Service,32.3440696,-86.222924
795204,Vaughn & Young Farm,32.346015,-86.2302719
795205,Vaughn & Rojon,32.3463492,-86.2316962
795206,Vaughn & Heatherton,32.3467197,-86.232871
795207,Vaughn & Cottingham,32.3472261,-86.23466
795208,Vaughn & Kingsbury,32.3477824,-86.23685
795209,Vaughn & Gatewood,32.3481348,-86.2380436
795210,Vaughn & Gatewood,32.3480612,-86.2383963
795211,Vaughn & Worley,32.3483614,-86.2388939
795212,Vaughn & Talbot,32.3487285,-86.2402108
795213,Vaughn & Green Acres,32.349244,-86.2418202
795214,Vaughn & Perry Hill,32.3515371,-86.2445185
795215,Vaughn & Shoreham,32.3526054,-86.2474528
795216,Vaughn & Radcliffe,32.3525941,-86.2487859
795217,Vaughn & Fairforest,32.352576,-86.2503643
795218,Vaughn & Vaughn Ln.,32.3525601,-86.2516169
795219,Vaughn & Hillwood,32.3525318,-86.2547109
795220,Vaughn & Croom,32.3525397,-86.2560372
795221,Vaughn & Wentworth,32.3525193,-86.2579603
795222,Vaughn & Montgomery Academy,32.3525159,-86.2601584
795223,Vaughn & Zelda,32.3524899,-86.2625912
795224,Zelda & Fitzgerald,32.3561764,-86.2646618
795225,Zelda & Malone,32.3576615,-86.2646927
795226,Zelda & Gatsby Ln. South,32.3586607,-86.2646699
795227,Zelda & Gatsby Ln. North,32.3609796,-86.2653539
795228,Zelda & Zelda Ct.,32.3623277,-86.2659305
795229,Zelda & F. Scott,32.3641628,-86.2682667
795230,Zelda & Ann,32.3641379,-86.2707961
795231,Ann & Spruce,32.365137,-86.2714854
795232,Ann & Spruce,32.3650011,-86.2712038
795233,Ann & Chesnut,32.3672122,-86.2710696
795234,Ann & Poplar,32.3681184,-86.2709624
795235,Ann & Locust,32.3690971,-86.2708068
795236,Ann & Cherry,32.3700542,-86.2708041
795237,Ann & Plum,32.3712334,-86.2708282
795238,Highland & Grace,32.3724601,-86.2731671
795239,Highland & Panama,32.3724714,-86.2742816
795240,Highland & Charles,32.3724612,-86.2752472
795241,Highland & Ryan,32.3724238,-86.2770322
795242,Highland & Polk,32.3724102,-86.2781963
795243,Highland & Buford,32.372391,-86.2793925
795244,Highland & Arthur,32.3723785,-86.2804936
795245,Highland & Boyce,32.3723604,-86.2817663
795246,Highland & Capitol,32.3723366,-86.2840717
795247,Boyce & Highland,32.3720647,-86.2818655
795248,Boyce & Plum,32.3712424,-86.281887
795249,Cherry & Boyce,32.370112,-86.2816939
795250,Plum & Arthur,32.3710906,-86.2807095
795251,Arthur & Cherry,32.3701482,-86.280621
795252,Cherry & Putnam,32.3700961,-86.2828486
795253,Putnam & Plum,32.3710068,-86.2829331
795254,Plum & Highland,32.3720987,-86.2829559
795255,Capitol & Palmetto,32.3733005,-86.2841508
795256,Capitol & Yougene,32.3738589,-86.2841615
795257,Capitol & Miriam,32.3744434,-86.2843251
795258,Capitol & Mt. Meigs,32.3754718,-86.2846765
795259,Mt. Meigs & Lewis,32.3753823,-86.2859961
795260,Point 217,32.3752657,-86.2863529
795261,Mt. Meigs & Chase,32.3750403,-86.2871173
795262,Mt. Meigs & Hopper,32.3748636,-86.2877798
795263,Adams & Adams,32.3753495,-86.2913351
795264,Adams & Yougene,32.3756474,-86.2930128
795265,Adams & Hillard,32.3756553,-86.295003
795266,Adams & Jackson,32.3755715,-86.2967639
795267,Adams & Ripley,32.3755375,-86.2978569
795268,Adams & Union,32.3754752,-86.2998913
795269,Adams & Bainbridge,32.3754559,-86.3009669
795270,Adams & Washington,32.37637,-86.3010889
795271,Bainbridge & Dexter,32.3775683,-86.3011667
795272,Bainbridge & Monroe,32.3788221,-86.3012914
795273,Bainbridge & Madison,32.379744,-86.301266
795274,Madison & Decatur,32.38012,-86.3024421
795275,Madison & Hull,32.3800736,-86.3037027
795276,Madison & McDonough,32.3800056,-86.3049057
795277,Madison & Lawrence,32.3799592,-86.3061945
795278,Madison & Perry,32.379900565474,-86.30749866308
795279,Madison & Court,32.3798811,-86.3089237
795280,Madison & Coosa,32.3798188,-86.309562
795281,Bibb & Commerce,32.3791551,-86.3106456
795282,Bibb & Lee,32.3783645,-86.3117641
795283,Bibb & Molton,32.3777302,-86.3127136
795284,Selma & Old Lamar,32.3089455,-86.3796186
795285,Selma & Gateway,32.3085919,-86.3827917
795286,Gateway & Gateway Ct.,32.3100087,-86.3829017
795287,Gateway & Dilworth,32.3108316,-86.3829392
795288,Dilworth & Chatham,32.3108634,-86.3800129
795293,Gateway & Dilworth,32.3109563,-86.3830921
795294,Gateway & Gateway Ct.,32.3101379,-86.3830948
795295,Gateway & Selma,32.3085851,-86.3831055
795296,Selma & Brewer,32.30799,-86.3879657
795297,Selma & Ed Long,32.3074765,-86.3922653
795299,Richardson & Dan River,32.3111467,-86.396817
795300,Dan River & Longleaf,32.3111444,-86.3977799
795301,Dan River & Danville,32.311022,-86.3987964
795302,Danville & Old Hayneville,32.3136471,-86.3990298
795303,Old Hayneville & Pine Park,32.3130259,-86.4007303
795305,Danville & Lonesome Pine,32.311732687272,-86.3990123809857
795306,Danville & Dan River,32.3110198,-86.398952
795307,Dan River & Longleaf,32.3109994,-86.3979515
795308,Dan River & Richardson,32.3111195,-86.3969994
795309,Richardson & Selma,32.3069778,-86.3968062
795310,Selma & Ed Long,32.3071546,-86.3924047
795312,Selma & Gateway,32.3082632,-86.3831082
795313,Selma & Old Lamar,32.3086599,-86.3797608
795314,Madison & Union,32.3800226,-86.3000134
795315,Madison & Ripley,32.3800894,-86.2984523
795316,Madison & Jackson,32.3801619,-86.2968846
795317,Madison & Hillard,32.3802186,-86.2954456
795318,Madison & Jefferson,32.3802741,-86.2937531
795319,Madison & Hall,32.3803001,-86.2924106
795320,Madison & Edgar,32.3802729,-86.2906377
795321,Madison & Vonora,32.3802797,-86.2896909
795322,Madison & Hopper,32.3802876,-86.2886515
795323,Madison & Lewis,32.380325,-86.2864374
795324,Madison & S Capitol ,32.3803273,-86.2850641
795325,Madison & S Madison Terrace,32.3803647,-86.2833622
795326,Madison & California,32.3803986,-86.2815826
795327,Madison & Florida,32.3804247,-86.2802254
795328,Madison & Maryland,32.3804632,-86.2783398
795329,Madison & Pennsylvania,32.3805108,-86.2762222
795330,Madison & Mt. Meigs,32.3805413,-86.27459
795331,Atlanta & Dunn,32.3819389,-86.2699056
795332,Atlanta & Bradley,32.3823297,-86.2687965
795333,Atlanta & Oak Forest,32.3826853,-86.2677303
795334,Atlanta & Calhoun,32.3829764,-86.2667969
795335,Atlanta & Turner,32.3834022,-86.2651192
795336,Atlanta & Marlborough,32.3839084,-86.2630203
795337,Atlanta & Salem,32.3842052,-86.261804
795338,Atlanta & Forest Hills,32.3848077,-86.2593041
795339,Atlanta & Coliseum,32.3852324,-86.2575848
795340,Atlanta & Wareingwood,32.3853377,-86.2557422
795341,Atlanta & Easthaven,32.3849073,-86.253811
795342,Atlanta & Wares Ferry,32.384614,-86.2526576
795343,Atlanta & Goins,32.383819,-86.2494846
795344,Atlanta & Cecil,32.3835075,-86.2482722
795345,Perry Hill & Cardinal,32.3804405,-86.2468024
795346,Perry Hill & Robbins,32.3777699,-86.2464496
795347,VA,32.3777461,-86.2433115
795348,Perry Hill Rd. & Cardinal,32.3802718,-86.2466294
795349,Perry Hill Rd. & Atlanta ,32.3828529,-86.2461935
795350,Atlanta & Bellehurst,32.3815482,-86.2396865
795351,Atlanta & Van Allen,32.3815595,-86.2382475
795352,Atlanta & Ranch,32.3815505,-86.2373824
795353,Atlanta & Viking,32.3815573,-86.2365147
795354,Atlanta & County Downs,32.3815471,-86.2351736
795355,Atlanta & Hillside,32.3815935,-86.2337789
795356,Atlanta & Fox Hollow,32.3815833,-86.2311128
795357,Atlanta & Ledyard,32.3815935,-86.2299192
795358,Atlanta & Chrystan,32.3816037,-86.2262499
795359,Atlanta & Watson West,32.3816082,-86.2243536
795360,Atlanta & Mountain View,32.3816479,-86.2204792
795361,Atlanta & Watson East,32.3816569,-86.2189168
795362,Atlanta & Carol Villa,32.3816615,-86.2152985
795363,Atlanta & Eastdale Cir Acc West,32.3818121,-86.2070413
795364,Atlanta & Eastdale,32.3818461,-86.2055956
795365,Atlanta & Eastdale Cir Acc East,32.3818744,-86.2040734
795366,Atlanta & Mendel,32.3819174,-86.2019679
795367,Atlanta & Burbank,32.3819718,-86.199401
795368,Atlanta & Landmark,32.3820465,-86.195776
795369,Atlanta & Sylvest,32.3820907,-86.1936195
795370,Atlanta & Bell,32.3821201,-86.1917125
795371,Atlanta & Ashburton,32.382136,-86.1899918
795372,Atlanta & Market,32.3821598,-86.1886092
795373,Atlanta & Ashburton,32.382478,-86.189796
795374,Atlanta & Bell,32.3824554,-86.1912645
795375,Atlanta & Sylvest,32.3824078,-86.1933272
795376,Atlanta & Landmark,32.3823716,-86.1956325
795377,Atlanta & Burbank,32.3822991,-86.198933
795378,Burbank & Burbank Crossing,32.385742,-86.1990027
795379,Burbank & Pinebrook,32.3898506,-86.1982517
795380,Pinebrook & Sultan,32.389939,-86.1972432
795381,Pinebrook & Kroy West,32.3898948,-86.1960576
795382,Pinebrook & Kroy East,32.3891734,-86.1950585
795383,Pinebrook & Nature,32.3888337,-86.1938368
795384,Pinebrook & Fieldbrook,32.3894724,-86.191294
795385,Pinebrook & Pinebrook ,32.3906626,-86.1897893
795386,Pinebrook & Covina,32.3917452,-86.1895868
795387,Pinebrook & Intervale,32.3926648,-86.1895037
795388,Pinebrook & Yates,32.3946,-86.1893964
795389,Pinebrook & Xenia,32.3955592,-86.1893226
795390,Pinebrook & Yoder,32.3964289,-86.1892636
795391,Pinebrook & Placid,32.3973042,-86.189218
795392,Pinebrook & Zenda,32.3982021,-86.1891603
795393,Pinebrook & Wares Ferry,32.3996006,-86.1898872
795394,Wares Ferry & Mossy Glen,32.3988906,-86.1906986
795395,Wares Ferry & Rialto,32.3978273,-86.1915314
795396,Wares Ferry & Dunbarton,32.3966791,-86.1923844
795397,Wares Ferry & Durward,32.3941301,-86.1943839
795398,Wares Ferry & Burlington,32.3932933,-86.1955065
795399,Wares Ferry & Burbank,32.3929716,-86.1983134
795400,Wares Ferry & Oakwild,32.3929139,-86.2004283
795401,Oakwild & Cresthill,32.3919593,-86.2006778
795402,Oakwild & Oakwild,32.3910873,-86.2002499
795403,Oakwild & Pinebrook,32.390033,-86.1996089
795404,Pinebrook & Burbank,32.3898982,-86.1985427
795405,Burbank & Eastdale,32.3860274,-86.199275
795406,Atlanta & Eagle,32.381982,-86.2160951
795407,Atlanta & Watson,32.3819435,-86.2186807
795408,Atlanta & Mountain View,32.3818936,-86.2203088
795409,Atlanta & Watson,32.3818687,-86.2239808
795410,Atlanta & Bowling Green,32.3818846,-86.2259737
795411,Atlanta & Ledyard,32.3818529,-86.2296402
795412,Atlanta & Fox Hollow,32.3818823,-86.2307668
795413,Atlanta & Hillside,32.3818597,-86.2333685
795414,Atlanta & Court Downs,32.3818461,-86.2349644
795415,Atlanta & Viking,32.3818211,-86.2361929
795416,Atlanta & Ranch,32.381803,-86.237196
795417,Atlanta & Van Allen,32.381794,-86.2381482
795418,Atlanta & Bellehurst,32.3818144,-86.2394437
795419,Atlanta & Hunter,32.381948,-86.2405407
795420,Atlanta & Mitchell,32.3826185,-86.2435609
795422,Atlanta & Cecil,32.3837578,-86.2482011
795423,Atlanta & Gabon,32.3840625,-86.2494068
795424,Atlanta & Wares Ferry,32.3847805,-86.252258
795425,Atlanta & Rosemary,32.3851055,-86.2534891
795426,Atlanta & Wareingwood,32.3855993,-86.2555812
795427,Atlanta & Coliseum,32.3855619,-86.2572241
795428,Atlanta & Holliday,32.385118,-86.2591781
795429,Atlanta & Salem,32.384477,-86.2617972
795430,Atlanta & Marlborough,32.3842119,-86.2628916
795431,Atlanta & Turner,32.3836729,-86.2651098
795432,Atlanta & Calhoun,32.3832787,-86.2666789
795433,Atlanta & Brantwood,32.3827895,-86.2682614
795434,Atlanta & Arden,32.3822855,-86.2697124
795435,Atlanta & Federal,32.3815086,-86.2720178
795436,Atlanta & Panama,32.3808086,-86.2741958
795437,Madison & Pennsylvania,32.3807248,-86.2758319
795438,Madison & Maryland,32.3806716,-86.2781614
795439,Madison & Florida,32.380641,-86.2801301
795440,Madison & California,32.3806399,-86.2813962
795441,Madison & Madison Terrace,32.3805787,-86.2831932
795442,Madison & Capitol,32.3805617,-86.2848321
795443,Madison & Lewis,32.3805617,-86.2863126
795444,Madison & Hopper,32.3805368,-86.2884973
795445,Madison & Vonora,32.3805085,-86.2894508
795446,Madison & Edgar,32.380496,-86.2906069
795447,Madison & Hall,32.380504,-86.2922712
795448,Madison & Jefferson,32.3804757,-86.2936109
795449,Madison & Hillard,32.3804383,-86.2952484
795450,Madison & Jackson,32.3803862,-86.2965949
795451,Madison & Ripley,32.3803228,-86.2981439
795452,Madison & Union,32.3802401,-86.299725
795453,Madison & Bainbridge,32.3801891,-86.3012941
795600,Fairview & Mobile,32.3511915,-86.3336831
795601,Fairview & Hill,32.3512742,-86.329236
795602,Fairview & Carver HS,32.3513501,-86.3251067
795603,Fairview & Oak,32.3513921,-86.3235363
795604,Fairview & Gaston,32.3515337,-86.3185032
795605,Fairview & Rosa L. Parks,32.3515722,-86.3167597
795606,Rosa L. Parks & Duncan,32.3502059,-86.3166243
795607,Rosa L. Parks & Courtland,32.3493652,-86.3166149
795608,Rosa L. Parks & Stuart,32.3484158,-86.3166028
795609,Rosa L. Parks & Upchurch,32.3466483,-86.3165452
795610,Rosa L. Parks & Edgemont,32.3443902,-86.3165264
795611,Rosa L. Parks & Doris,32.3425683,-86.3164499
795612,Rosa L. Parks & Cullen,32.3412675,-86.3164124
795613,Rosa L. Parks & Ridgecrest,32.3407554,-86.316411
795614,Rosa L. Parks & National,32.3389334,-86.3163748
795615,Rosa L. Parks & Bowman,32.3371204,-86.3163292
795616,Rosa L. Parks & April,32.3348315,-86.3162689
795617,Rosa L. Parks & Patton,32.3341097,-86.3162407
795618,Patton & Delano,32.3339896,-86.3151678
795619,Patton & Prairie Vista,32.3339963,-86.3141057
795620,Patton & Dallas,32.3340099,-86.3130596
795621,Patton & Edgar D. Nixon,32.3340167,-86.3120471
795622,Patton & Happiness,32.3340394,-86.3110051
795623,Patton & Meadowview,32.3340519,-86.3095929
795624,Patton & Court,32.3340666,-86.3081244
795625,Patton & Southmont,32.334104,-86.3055655
795626,Patton & Kelly,32.3341063,-86.3032186
795627,Patton & Wilmington,32.3341618,-86.3007228
795628,Patton & Norman Bridge,32.3341811,-86.2995292
795629,Patton & Le Bron,32.3341006,-86.2975779
795630,Patton & Wesley,32.3335386,-86.2952887
795631,Patton & Stanley,32.3335295,-86.2943606
795632,Patton & Princeton,32.3337301,-86.2934031
795633,Patton & Berkley,32.3339227,-86.292365
795634,Patton & Cloverdale,32.3339714,-86.2913686
795635,Patton & Audobon,32.3339692,-86.2904111
795636,Patton & WCOV,32.3340179,-86.2875532
795637,Patton & Thomas,32.3340485,-86.2859613
795638,Patton & Narrow Lane,32.3341131,-86.2823698
795639,Narrow Lane & Merrily,32.3331306,-86.2822571
795640,Narrow Lane & Birdwood,32.3324847,-86.2822706
795641,Narrow Lane & Fremont,32.3315079,-86.2822545
795642,Narrow Lane & Barley,32.3302546,-86.282241
795643,Narrow Lane & Audubon,32.3290239,-86.282233
795644,Narrow Lane & South,32.3272651,-86.282225
795645,South & Woodley Square,32.3268957,-86.2697661
795646,South & St. Helena,32.3269252,-86.2683982
795647,South & Woodley,32.3269932,-86.264973
795648,South & Brantford,32.3270238,-86.2601236
795649,South & Wilksboro,32.3270272,-86.2579456
795650,South & Marti,32.3270294,-86.2549898
795651,South & Wallace,32.327034,-86.2502959
795652,South & Strathmore,32.3270453,-86.2466455
795653,South & Wallace,32.3273309,-86.2498668
795654,South & Marti,32.3272878,-86.2546653
795655,South & Wilksboro,32.3273105,-86.2577498
795656,South & Brantford,32.3273218,-86.2596944
795657,South & Woodley,32.3272923,-86.2632403
795658,South & St. Helena,32.3271994,-86.2681192
795659,South & Woodley Square,32.327179,-86.2694657
795660,South & Morrow,32.3270997,-86.2748757
795662,Narrow Lane & South,32.3273014,-86.2820238
795663,Narrow Lane & Normandie,32.3285491,-86.2820493
795664,Narrow Lane & Beverly,32.3297333,-86.2820841
795665,Narrow Lane & Mona Lisa,32.3309062,-86.2820895
795666,Narrow Lane & Tullis,32.3320609,-86.2821083
795667,Narrow Lane & Merrily,32.3330343,-86.2821311
795668,Narrow Lane & Maclamar,32.3340507,-86.2821472
795669,Patton & Thomas,32.3341414,-86.2857601
795670,Patton & WCOV,32.3341323,-86.2874097
795671,Patton & Audobon,32.3340802,-86.2902367
795672,Patton & Cloverdale,32.3340621,-86.2912747
795673,Patton & Berkley,32.3340417,-86.292192
795674,Patton & Princeton,32.3338876,-86.2932676
795675,Patton & Stanley,32.3336643,-86.2942506
795676,Patton & Wesley,32.3336201,-86.2951693
795677,Patton & Le Bron,32.3341641,-86.297358
795678,Patton & Norman Bridge,32.3343114,-86.2992114
795679,Patton & Wilmington,32.3342683,-86.3005739
795680,Patton & Kelly,32.3342366,-86.3030523
795681,Patton & Southmont,32.3342049,-86.3053617
795682,Patton & Court,32.3342026,-86.3078293
795683,Patton & Meadowview,32.3341663,-86.3093877
795684,Patton & Happiness,32.3341482,-86.3108495
795685,Patton & Edgar D. Nixon,32.3341437,-86.3118848
795686,Patton & Dallas,32.3341414,-86.3129362
795687,Patton & Prairie Vista,32.3341187,-86.3139555
795688,Patton & Delano,32.3341074,-86.3149828
795690,Rosa L. Parks & April,32.3347238,-86.3161254
795691,Rosa L. Parks & Bowman,32.3369788,-86.3161764
795692,Rosa L. Parks & National,32.3387918,-86.3161871
795693,Rosa L. Parks & Ridgecrest,32.3406251,-86.3162354
795694,Rosa L. Parks & Cullen,32.3411463,-86.3162541
795695,Rosa L. Parks & Doris,32.3424493,-86.3163078
795696,Rosa L. Parks & Edgemont,32.3442418,-86.3163266
795697,Rosa L. Parks & Hobbie,32.3469837,-86.3164365
795698,Rosa L. Parks & Stuart,32.3482685,-86.3164178
795699,Rosa L. Parks & Courtland,32.3492497,-86.3164607
795700,Rosa L. Parks & Duncan,32.3501062,-86.3164768
795701,Rosa L. Parks & Fairview,32.3510307,-86.3164687
795702,Fairview & Gaston,32.3516946,-86.3182738
795703,Fairview & Oak,32.3516107,-86.3232467
795704,Fairview & Carver HS,32.3515858,-86.3247675
795705,Fairview & Hill,32.3514997,-86.3289732
795706,Fairview & Myles,32.3514793,-86.3300005
795707,Fairview & Mobile,32.3514249,-86.3334069
795708,Tallapoosa & Commerce,32.3799977,-86.3120914
795709,Tallapoosa & Coosa,32.3807973,-86.3109219
795710,Jefferson & Court,32.380846,-86.3091972
795711,Jefferson & Perry,32.3808675,-86.3078173
795712,Jefferson & Ripley,32.3809026,-86.3065808
795713,Jefferson & McDonough,32.3809593,-86.3053201
795714,Jefferson & Hull,32.3810068,-86.3040836
795715,Jefferson & Decatur,32.3810453,-86.3028297
795716,Jefferson & Bainbridge,32.3811054,-86.3015704
795717,Jefferson & Union,32.3811665,-86.3000174
795718,Ripley & Jefferson,32.381521,-86.298286
795719,Columbus & Ripley,32.3823025,-86.2987058
795720,Columbus & Union,32.3822821,-86.299831
795721,Columbus & Bainbridge,32.3822538,-86.3013344
795722,Columbus & Decatur,32.3822357,-86.3025829
795723,Decatur & Randolph,32.3832198,-86.302662
795724,Decatur & Pollard,32.3842323,-86.3027023
795726,Decatur & Goldberg,32.3867295,-86.3013545
795727,Decatur & Fountain,32.3874928,-86.3009951
795728,Decatur & Howe,32.3907634,-86.3003218
795729,Decatur & Frost,32.3880659,-86.3007778
795730,Decatur & Tunney,32.3920861,-86.3001367
795731,Decatur & Withers,32.393975,-86.2990116
795732,Decatur & Foster,32.3946238,-86.2981291
795733,Decatur & Hale,32.3950292,-86.2973017
795734,Decatur & Ferguson,32.3953939,-86.2964568
795735,Decatur & Railway,32.3961254,-86.2947616
795736,Decatur & Ripley,32.3973653,-86.2920606
795737,Lower Wetumpka & Tolvert,32.3996527,-86.2905988
795738,Lower Wetumpka & Pauline,32.4024291,-86.2902796
795739,Lower Wetumpka & Alduc,32.4039487,-86.290108
795740,Lower Wetumpka & Gibson,32.4055384,-86.2898076
795741,Lower Wetumpka & Rigby,32.4070646,-86.2892684
795742,Lower Wetumpka & Yarbrough,32.4081267,-86.2886971
795743,Lower Wetumpka & Broadway,32.4124132,-86.2863556
795744,Lower Wetumpka & Chisolm,32.4135363,-86.2860954
795745,Chisolm & Broadview,32.4137690959937,-86.2813290588608
795746,Chisolm & Montclair,32.4138515847096,-86.2776397030411
795747,Montclair & Gardendale,32.4147440187157,-86.2774264816147
795748,Montclair & Park,32.4155446150084,-86.2774693748688
795749,Montclair & Vandiver,32.41746197587,-86.2772575282418
795750,Vandiver & Chelsea,32.4176423879856,-86.2750714674591
795751,Fairground & Park,32.4157595158725,-86.2738712153096
795752,Fairground & Gardendale,32.4149271803048,-86.2737733079346
795753,Gardendale & Ferndale,32.4154148239638,-86.272315545998
795754,Gardendale & Woodbury,32.4165100789875,-86.2698948030411
795755,Gardendale & Coliseum,32.4164824651299,-86.268993635582
795756,Coliseum & Coliseum Pkwy.,32.4177087046498,-86.2688568319466
795757,Coliseum & Vista View Shopping Center,32.4201454304786,-86.2687683294998
795758,Alabama River & Carver,32.427959375843,-86.2702032896187
795759,Alabama River & Millard Fuller,32.4295248866379,-86.2754013742745
795760,Alabama River & Lower Wetumpka,32.4325913594305,-86.2801945423973
795761,Alabama River & Tyler,32.4342702556604,-86.2827413117088
795762,Tyler & Tremont,32.4313450406523,-86.2832898318771
795763,Tyler & Alta,32.4305138232521,-86.2832630140862
795764,Tyler & Milton,32.4297111517888,-86.2837873251659
795765,Milton & Vandy,32.4288936935587,-86.2857574288361
795766,Milton & Conrad,32.4269229656414,-86.2882934405102
795767,Conrad & Alta,32.4279607743336,-86.2890069227192
795768,Conrad & Tremont,32.4290468675984,-86.2890270816147
795769,Conrad & Oakbrook,32.4313316430384,-86.2893247104507
795770,Oakbrook & Brooktree,32.430741696882,-86.2902474576721
795771,Oakbrook & Wildbrook ,32.4289669358421,-86.2918836073403
795772,Oakbrook & Golden Gate,32.4281687364799,-86.2918701607132
795773,Oakbrook & Oakbrook Ct.,32.4273676319417,-86.2918540962952
795774,Oakbrook & Woodbrook,32.4265874388302,-86.2918473551907
795775,Oakbrook & Brookview,32.4257181161504,-86.2931669766865
795776,Brookview & Longbrook,32.4249397112093,-86.2931576318771
795777,Brookview & Dyas,32.4241353107527,-86.2932997533729
795778,Dyas & Castlebrook,32.4241032144137,-86.2942868
795779,Castlebrook & Flair,32.4233279112623,-86.2944450576721
795780,Flair & Briarbrook,32.4223010487256,-86.296408491996
795781,Briarbrook & Briarbrook Ct.,32.4219652242474,-86.2954898331005
795782,Briarbrook & Castlebrook,32.4214187588971,-86.2948930165329
795783,Briarbrook & Brookview,32.4210324819435,-86.2929644981476
795784,Brookview & Forbes,32.4205409557542,-86.2917789515205
795785,Forbes & Milton,32.4215461949003,-86.2904083668648
795786,Forbes & Springtime,32.4235342009237,-86.2879903613422
795787,Forbes & Vandy,32.4246188923861,-86.2864950134918
795788,Forbes & Conrad,32.4253252020875,-86.2855615834324
795789,Lower Wetumpka & Johnson,32.4260480746882,-86.2834668502625
795790,Lower Wetumpka & Edward,32.4208028041243,-86.2846107778751
795791,Lower Wetumpka & Pickett,32.4198597768487,-86.284815945369
795792,Lower Wetumpka & Michigan,32.4186955979449,-86.2850319067112
795793,Lower Wetumpka & Vandiver,32.4176878125475,-86.2852504410698
795794,Lower Wetumpka & Garden,32.4168771766906,-86.2854221631599
795795,Lower Wetumpka & Park,32.4154026804566,-86.2856796478157
795796,Lower Wetumpka & Cedar,32.4142024690069,-86.2859371165329
795797,Chisolm & Lower Wetumpka,32.4136618022338,-86.2860202343239
795798,Lower Wetumpka & Broadway,32.4125559,-86.2864977
795799,Lower Wetumpka & Amanda,32.4120192,-86.2867472
795800,Lower Wetumpka & Yarbrough,32.4083622,-86.2888044
795801,Lower Wetumpka & Rigby,32.4073228,-86.289416
795802,Lower Wetumpka & Royal Park,32.4064396,-86.2897781
795803,Lower Wetumpka & Gibson,32.4057286,-86.2899846
795804,Lower Wetumpka & Alduc,32.4041026,-86.2902823
795805,Lower Wetumpka & Pauline,32.4025537,-86.2904781
795806,Lower Wetumpka & Tolvert,32.3998157,-86.2907892
795807,Decatur & Ripley,32.3975465,-86.2920097
795808,Decatur & Railway,32.3962782,-86.2946999
795809,Decatur & Ferguson,32.3956283,-86.2962449
795810,Decatur & Hale,32.3952795,-86.2970924
795811,Decatur & Foster,32.3948899,-86.2979427
795812,Decatur & Withers,32.394369,-86.2988064
795813,Decatur & French,32.393411,-86.2996835
795814,Decatur & French,32.3930985,-86.2997156
795815,Decatur & Tunney,32.3921767,-86.300244
795816,Decatur & Howe,32.3909016,-86.3004506
795817,Decatur & Frost,32.3881814,-86.3008878
795818,Decatur & Fountain,32.3876083,-86.301097
795819,Decatur & Goldberg,32.3868586,-86.3013947
795820,Decatur & Driver's Row,32.385631,-86.3028324
795821,Decatur & Pollard,32.3843467,-86.3029101
795822,Decatur & Randolph,32.3833637,-86.3028565
795823,Decatur & Columbus,32.382247,-86.3028324
795824,Columbus & Hull,32.3821949,-86.3038489
795825,Columbus & McDonough,32.3821677,-86.3050452
795826,Columbus & Lawrence,32.3821564,-86.3063219
795827,Columbus & Perry,32.3821224,-86.3075584
795828,Columbus & Court,32.3820884,-86.3088807
795829,Tallapoosa & Coosa,32.3811325,-86.3108656
795830,Tallapoosa & Commerce,32.3804326,-86.3118687
795831,Perry & Dexter,32.3772682,-86.3073411
795832,Perry & Washington,32.3761095,-86.3072594
795833,Perry & Adams,32.3750074,-86.3072205
795834,Perry & Scott,32.3735293,-86.3071628
795835,Lawrence & Monroe,32.3788289,-86.3064131
795836,Lawrence & Dexter,32.3776872,-86.3063407
795837,Lawrence & Washington,32.3764051,-86.3062817
795838,Lawrence & Adams,32.3752453,-86.3062119
795839,Lawrence & Scott,32.3737094,-86.3061315
795840,High & Lawrence,32.371802,-86.3057613
795841,High & McDonough,32.3718269,-86.3048628
795842,High & Hull,32.3718575,-86.303625
795843,High & Decatur,32.3718926,-86.3023469
795844,High & Bainbridge,32.371922,-86.3010541
795845,High & Union,32.3719447,-86.2995775
795846,High & Ripley,32.3719549,-86.2980728
795847,High & Jackson,32.3719662,-86.2964487
795848,Highland & Ross,32.3719843,-86.2949333
795849,Highland & Watts,32.3719855,-86.2941581
795850,Highland & Smythe,32.3720058,-86.2931322
795851,Highland & Hall,32.3720217,-86.2916771
795852,Highland & Maggie,32.3720444,-86.2905747
795853,Highland & Cedar,32.3720557,-86.2894642
795854,Highland & Summitt,32.3720466,-86.2880427
795855,Highland & Forest,32.3720647,-86.2867016
795856,Forest & Rhodes,32.3713081,-86.2866613
795857,Forest & Lake,32.3704314,-86.286605
795858,Forest & Oak Park,32.3693168,-86.2865621
795859,Forest & Glenn Palmer,32.3666549,-86.2865701
795860,Glenn Palmer & Hall,32.3673934,-86.2911326
795861,Hutchinson & Hall,32.3683427,-86.2917334
795862,Hutchinson & Smythe,32.36832,-86.2930048
795863,Hutchinson & Sheppard,32.3683483,-86.2951934
795864,Hutchinson & Jackson,32.3683801,-86.2961443
795865,Jackson & Tuscaloosa,32.3669653,-86.2963267
795866,Jackson & University,32.365615,-86.2963092
795867,University & Harris,32.3654496,-86.2915617
795868,University & Seay,32.3654338,-86.294138
795869,University & Smythe,32.3654202,-86.2930007
795870,University & University Dr.,32.3654304,-86.2924093
795871,Harris & Mary F. Terrell,32.3648345,-86.2914665
795872,Harris & O Connell,32.3631524,-86.2914169
795873,Harris & University,32.3625384,-86.2914075
795874,Harris & 5th,32.3616355,-86.2913834
795875,Carter Hill & Harris,32.3602557,-86.2912211
795876,Carter Hill & Boultier,32.3601051,-86.2905358
795877,Carter Hill & Girard,32.3598457,-86.2892993
795878,Carter Hill & Felder Terrace,32.3595138,-86.2876658
795879,Carter Hill & College,32.359047,-86.2856582
795880,Carter Hill & Walnut,32.3587151,-86.284368
795881,Carter Hill & Narrow Lane,32.3582835,-86.2828191
795882,Carter Hill & West,32.35787,-86.2815933
795883,Carter Hill & Country Club,32.3573251,-86.2801892
795884,Carter Hill & Bullard,32.3561061,-86.2775137
795885,Carter Hill & Gorgas,32.3555431,-86.2762892
795886,Carter Hill & Rosemont Pl.,32.3550457,-86.2752646
795887,Carter Hill & Rosemont Dr.,32.3545756,-86.2741743
795888,Carter Hill & Meadowlane,32.3538324,-86.2725824
795889,Carter Hill & Hill Hedge,32.3529125,-86.2706056
795890,Carter Hill & Robinson Hill,32.3522486,-86.2691411
795891,Carter Hill & Grove Hill,32.352286,-86.2679717
795892,Carter Hill & Shadow,32.3522905,-86.2668706
795893,Carter Hill & Old Farm,32.3522644,-86.2659037
795894,14 Fairlane,32.3442173268285,-86.2323144539673
795895,38 Fairlane,32.3417707952176,-86.2322983361763
795896,Fairlane & Shamrock ,32.3406450698382,-86.2322580674591
795897,Fairlane & Teri,32.3386500457178,-86.2322191852501
795898,Fairlane & Fairlane Ct.,32.3377502735767,-86.2322151785042
795899,Fairlane & Lisa,32.3368379770425,-86.2321977140862
795900,Fairlane & Park,32.3350739489039,-86.2327275159386
795901,Fairlane & Fairlane Dr.,32.333385809222,-86.2336970717583
795902,Fairlane & Executive Park,32.3323316437228,-86.2338941962952
795903,Executive Park & Eastern,32.3315954808779,-86.2315097914017
795904,Eastern & Richard,32.32744588405,-86.236958837579
795905,Point 75,32.3288834,-86.2422466
795906,McGehee at McGehee Shopping Center,32.3315638971443,-86.2455967294998
795907,McGehee & McGehee Pl. Dr.,32.3332576729197,-86.2475117841309
795908,McGehee & Governors,32.3341826364236,-86.2485055380981
795909,McGehee & Fernway,32.3349381979981,-86.2493196607826
795910,McGehee & Fieldcrest,32.3361894302893,-86.2513487386925
795911,McGehee & Gladlane,32.3367369677576,-86.2526535767212
795912,McGehee & Oxford,32.3376457660215,-86.257431916008
795913,McGehee & Carter Hill,32.3376492783354,-86.2605567447746
795914,Carter Hill & Crawford,32.3414926165405,-86.2609643834671
795915,Carter Hill at Jefferson Davis HS,32.3426918,-86.2609281926598
795916,Carter Hill & Lansdowne,32.3443414975818,-86.2609737859138
795917,Carter Hill & Fernway,32.3481195782245,-86.2610770668995
795918,Carter Hill & Knights Bridge,32.3493224761707,-86.2611213724221
795919,Carter Hill & Canterbury,32.3509668468019,-86.2627051687519
795920,Carter Hill & Vaughn,32.3519130513516,-86.2636573546311
795921,Carter Hill & Sylvan,32.352406,-86.2656409
795922,Carter Hill & Shadow,32.3524174,-86.2667164
795923,Carter Hill & Grove Hill,32.3523902,-86.2678108
795924,Carter Hill & Robinson Hill,32.3523947,-86.2689668
795925,Carter Hill & Hill Hedge,32.3529544,-86.2703535
795926,Carter Hill & Gillespie,32.3536069,-86.2717777
795927,Carter Hill & Longmeadow,32.3542436,-86.2731591
795928,Carter Hill & Commodore,32.3551024,-86.2750527
795929,Carter Hill & Gorgas,32.3556054,-86.2761229
795930,Carter Hill & Bullard,32.3561831,-86.2773943
795931,Carter Hill & Country Club,32.3573568,-86.2799612
795932,Carter Hill & West,32.3579708,-86.281431
795933,Point 103,32.3582993,-86.2823993
795934,Carter Hill & Walnut,32.3588182,-86.2842447
795935,Carter Hill & Hazel Hedge,32.3590901,-86.285339
795936,Carter Hill & Pineleaf,32.3594798,-86.2868544
795937,Carter Hill & Girard,32.3599329,-86.2891236
795938,Carter Hill & Boultier,32.3601867,-86.2903574
795939,Carter Hill & Harris,32.3603815,-86.2911648
795940,Harris & 5th,32.3614803,-86.2912211
795941,Harris & University,32.3623617,-86.2912345
795942,Harris & O Connell,32.3630051,-86.2912586
795943,Harris & Mary F. Terrell,32.3647088,-86.2913015
795944,University & Tuttle,32.365427,-86.2913096
795945,University & University Dr.,32.3655516,-86.2922135
795946,University & Smythe,32.3655516,-86.2928626
795947,University & Seay,32.3655267,-86.2940267
795948,University & Jackson,32.3656241,-86.2960866
795949,Jackson & Tuscaloosa,32.3668271,-86.2961483
795950,Jackson & Hutchinson,32.3682804,-86.2961899
795951,Hutchinson & Sheppard,32.368277,-86.295404
795952,Hutchinson & Smythe,32.3682419,-86.2931147
795953,Hutchinson & Hall,32.3682521,-86.291606
795954,Glenn Palmer & Hall,32.3673277,-86.2911916
795955,Jackson Hospital @ Glenn Palmer & Forest,32.366519,-86.2866426
795956,Forest & Park,32.3685398,-86.2863421
795957,Forest & Oak Park,32.3692353,-86.2863824
795958,Forest & Lake,32.3702751,-86.2863663
795959,Forest & Rhodes,32.3711631,-86.2864199
795960,Highland & Forest,32.37228,-86.2869188
795961,Highland & Summitt,32.3722573,-86.2877208
795962,Highland & Cedar,32.3722211,-86.2893301
795963,Highland & Maggie,32.3721893,-86.2903976
795964,Highland & Hall,32.3721848,-86.2914598
795965,Highland & Smythe,32.3721395,-86.2929431
795966,Highland & Watts,32.3721282,-86.2940133
795967,Highland & Ross,32.3721123,-86.2947965
795968,Highland & Jackson,32.3721214,-86.2961993
795969,High & Ripley,32.3720987,-86.2978032
795970,High & Union,32.3720942,-86.2993133
795971,High & Bainbridge,32.372058,-86.300869
795972,High & Decatur,32.3720262,-86.3021109
795973,High & Hull,32.3719945,-86.3034278
795974,High & McDonough,32.3719764,-86.3046268
795975,High & Lawrence,32.3719277,-86.3058458
795976,High & Perry,32.3719266,-86.3070783
795977,Perry & Monroe,32.3785321,-86.3074136
795983,Mobile & Air Base,32.3480487,-86.3389054
795984,Mobile at Uhaul,32.3456649,-86.3395867
795985,Mobile & Edgemont,32.3439336,-86.3400105
795986,Mobile & Westgate,32.3429048,-86.3400641
795987,Mobile & Forte,32.3390728,-86.3407534
795988,Mobile & Young,32.3368269,-86.3415608
795989,Mobile & 1st,32.3360315,-86.3418156
795990,Mobile & 2nd,32.3353811,-86.3420489
795991,Mobile & 3rd,32.3346944,-86.3422662
795992,Mobile & 5th,32.3333459,-86.3427651
795993,Mobile & 6th,32.3326819,-86.3430011
795994,Mobile & Southwest,32.3313991,-86.3435027
795995,Mobile & West,32.3295769,-86.3440928
795996,Mobile at Dairy Queen,32.3274578,-86.3449913
795997,Mobile at Stockyard Grill,32.3174757,-86.3498917
795998,Mobile at Alabama DOECA,32.314479,-86.3502753
795999,Selma & Newcomb,32.3110583,-86.3620636
796000,Selma & Westport,32.3104621,-86.3669157
796001,Selma & Woodcrest,32.3102672,-86.368745
796002,Woodcrest & Lawnwood,32.3123788,-86.3692077
796003,Woodcrest & Thornwood,32.3131778,-86.3694155
796004,Yorkshire & Sunnybrook,32.3131552,-86.3715345
796005,Sunnybrook & Lawnwood,32.3122575,-86.3715988
796006,Sunnybrook & Selma,32.3100552,-86.3706037
796007,Selma & Lamar,32.3095757,-86.3744085
796008,Selma & Lamar,32.3092674,-86.3745064
796009,Selma & Sunnybrook,32.3097571,-86.3705233
796010,Selma & Woodcrest,32.3099135,-86.3690293
796011,Selma & Westport,32.3101289,-86.3671222
796012,Selma & Newcomb,32.3106979,-86.3623425
796013,Kingswood & Mobile,32.3102966,-86.3495538
796014,Kingswood & Barby,32.3103091,-86.3486271
796015,Kingswood & Upton,32.310359,-86.3472913
796016,Kingswood & Hatton,32.3104247,-86.3453105
796017,Kingswood & Upton,32.3119163,-86.3433257
796018,Upton & Bitford,32.3111331,-86.3416748
796019,Upton & Chipping Terrace North,32.3100031,-86.3416439
796020,Upton & Winderton,32.3086304,-86.3416171
796021,Winderton & Chipping Terrace,32.3085976,-86.3432761
796022,Winderton & Hatton,32.3085658,-86.3442564
796023,Winderton & Bitford,32.309357,-86.3469306
796024,Bitford & Barby,32.3094805,-86.3483924
796025,Bitford & Mobile,32.3094443,-86.3495404
796026,Mobile & Burnsdale,32.3082802,-86.3499708
796027,Mobile & Windy Wood,32.3078608,-86.3499293
796028,Mobile & Squadron,32.3069665,-86.3499239
796029,Mobile & Southlawn,32.3056176,-86.3498971
796030,Green Leaf & Rolind,32.3003625,-86.3467669
796031,Green Leaf & Loisa,32.3003783,-86.3457933
796032,Green Leaf & W Shades Valley,32.3003919,-86.344817
796033,Green Leaf & Patricia,32.3004124,-86.3437924
796034,Green Leaf & E Shades Valley,32.3009905,-86.340099
796035,Green Leaf & Jeffrey,32.3034095,-86.3385567
796036,Green Leaf & Rush,32.3042313,-86.3384695
796037,Rush & Carol,32.3043288,-86.3394606
796038,Rush & Linda,32.3058692,-86.3410109
796039,Rush & Southlawn,32.3066106,-86.341137
796040,Southlawn & Greensboro,32.3064881,-86.3447419
796041,Southlawn & Glenn,32.3062478,-86.3456807
796042,Southlawn & Southlawn Ct.,32.3059418,-86.346834
796043,Southlawn & Greensboro Ct.,32.3056085,-86.3485479
796044,Southlawn & Mobile,32.3056017,-86.3495538
796045,Mobile & Windy Wood,32.3076262,-86.3496476
796046,Mobile & Bitford,32.3091586,-86.3496047
796047,Mobile & Kingswood,32.3101765,-86.3497013
796048,Mobile at Alabama DOECA,32.3144155,-86.3497362
796049,Mobile at Stockyard Grill,32.3173759,-86.3495216
796050,Mobile at Dairy Queen,32.3273875,-86.3446105
796051,Mobile & West,32.3293729,-86.3437977
796052,Mobile & Southwest,32.3312518,-86.343213
796053,Mobile & 6th,32.3325278,-86.3427624
796054,Mobile & 5th,32.3332122,-86.3425478
796055,Mobile & 3rd,32.3345607,-86.3420731
796056,Mobile & 2nd,32.3352179,-86.3418183
796057,Mobile & 1st,32.3358887,-86.341601
796058,Mobile & Young,32.3366434,-86.3413221
796059,Mobile & Forte,32.3388983,-86.3405442
796060,Mobile & Westgate,32.3428074,-86.3398066
796061,Mobile & Edgemont,32.343843,-86.339761
796062,Mobile at Uhaul,32.3456128,-86.3393319
796063,Point 83,32.3469361,-86.3388491
796064,Mobile & Fairwest St.,32.3488418,-86.3383099
796065,Mobile & Fairwest,32.349082,-86.3385782
796066,Mobile & Fairwest Pl.,32.3507633,-86.3370681
796168,Maxwell & Goldthwaite,32.3777857,-86.3152094
796169,Maxwell & Whitman,32.3777325,-86.3170199
796170,Maxwell & Holt,32.3776464,-86.3208608
796171,Maxwell & Dickerson,32.3776045,-86.3227639
796172,Maxwell & Morris,32.3777212,-86.3248667
796173,Maxwell & Gordon,32.3776827,-86.3270192
796174,Maxwell & Conecuh,32.3773429,-86.3299146
796175,Maxwell & Covington,32.3772047,-86.3309875
796176,Maxwell & Crenshaw,32.3770575,-86.3321435
796177,Maxwell & Cullman,32.376917,-86.3332191
796178,Maxwell & Camden,32.3767721,-86.3343617
796179,Maxwell & May,32.3766225,-86.335499
796180,Maxwell Air Force Base,32.3761072,-86.3382483
796181,Maxwell & 4th,32.3757425,-86.340968
796182,Maxwell at Gill's Southern Diner,32.3750776,-86.3442484
796183,Maxwell & Burkett East,32.3747503,-86.3455398
796184,Maxwell & Burkett West,32.3744003,-86.3468648
796185,Maxwell at 3rd St. Bridge,32.3726469,-86.3498729
796186,Maxwell & Kelly,32.3703884,-86.353156
796187,Buckingham & Flack,32.3686632,-86.3560192
796188,Birmingham Hwy. & Paul,32.3679145,-86.3581127
796189,Buckingham & Old Selma,32.3675384,-86.3592499
796190,Buckingham & Owen,32.3669755,-86.3609706
796191,Buckingham & Trinity,32.3658846,-86.3642254
796192,2908 Birmingham,32.3654451,-86.3658857
796193,2952 Birmingham,32.3648969,-86.3680395
796194,3000 Birmingham,32.3664193,-86.3723016
796195,3050 Birmingham,32.3680097,-86.3734147
796196,Birmingham at Pit Stop,32.3704801,-86.3744608
796197,Birmingham & West,32.3715573,-86.374906
796198,3235 Birmingham,32.3732654,-86.3756087
796199,3340 Birmingham,32.3744887,-86.3760915
796200,3400 Birmingham,32.3764912,-86.3769203
796201,3440 Birmingham,32.3777891,-86.3774675
796202,Birmingham & Capital Plaza,32.3794722,-86.3781568
796203,Birmingham & Industrial,32.3810419,-86.378814
796204,3824 Birmingham,32.382743,-86.3796106
796205,Birmingham & Beeline,32.3841089,-86.3808055
796206,Birmingham & Twin Lakes,32.3858937,-86.3828373
796207,Birmingham & Embassy,32.3868133,-86.3838565
796208,Birmingham & Canvas Back,32.3882131,-86.385482
796209,Birmingham & Anthony,32.3907362,-86.3883734
796210,Anthony & Birmingham,32.3905528,-86.3891271
796211,38 Anthony,32.388685962516,-86.389042824667
796212,Anthony & Greenpine,32.386802,-86.388997
796213,Greenpine & Judge C. Price,32.386768,-86.3914485
796214,Roquemore & Phillip,32.386785,-86.3927548
796215,Roquemore & Kenilworth,32.3867748,-86.3935742
796216,Roquemore & Major,32.3867884,-86.3946752
796217,158 Major,32.3880115,-86.3947128
796218,69 Major,32.3912322,-86.394757
796219,143 Major,32.3895268,-86.3947289
796220,27 Major,32.3929082,-86.3946967
796221,Major & Kenilworth,32.3934054,-86.3937914
796222,Kenilworth & Washington Ferry (Hunter Station),32.3943951,-86.39355
796223,Washington Ferry & Phillip,32.3939648,-86.3929479
796224,Washington Ferry & John C. Price,32.392855,-86.3917248
796225,67 Judge C. Price,32.3885845,-86.3916108
796226,Judge C. Price & Greenpine,32.3868382,-86.3915974
796227,Greenpine & Anthony,32.3867205,-86.3890252
796228,38 Anthony,32.388908111126,-86.38897398972
796229,Anthony & Birmingham,32.3905856,-86.3890627
796230,Birmingham & Canvas Back,32.3881791,-86.385887
796231,Birmingham & Embassy,32.3867794,-86.3842991
796232,Birmingham & Twin Lakes,32.3858869,-86.3832825
796233,Birmingham & Beeline,32.3840896,-86.3812266
796234,3824 Birmingham,32.3827374,-86.3799901
796235,Birmingham & Industrial,32.3811529,-86.3792378
796236,Birmingham & Capital Plaza,32.3795515,-86.3785565
796237,3440 Birmingham,32.3778299,-86.3778484
796238,3400 Birmingham,32.3764742,-86.3772731
796239,3340 Birmingham,32.3745158,-86.376463
796240,3235 Birmingham,32.3733107,-86.3759682
796243,125 West,32.3680617927896,-86.3782453932541
796244,West & Money,32.3652956,-86.3796079
796245,59 West,32.3694074,-86.3771081
796246,155 West,32.3667954,-86.3788904
796247,210 West,32.3628307,-86.3801846
796248,West & Tankview,32.35677,-86.3788086
796249,West & Hunters,32.3560767,-86.3783634
796250,West & Well,32.3540669,-86.3772207
796251,Well & Old Selma,32.3543524,-86.376341
796252,3335 Old Selma,32.3558909,-86.3750964
796253,3237-3335 Old Selma,32.3576615,-86.3738948
796254,Old Selma & Alan,32.3585905,-86.3729721
796255,3123 Old Selma,32.3599658,-86.3709189
796256,Old Selma & Margaret Ann,32.3608301,-86.3694584
796257,Old Selma & Rosebud,32.3610952,-86.3690574
796258,Old Selma & Dogwood,32.3616537,-86.3681321
796259,Old Selma & Loraine,32.3624874,-86.3666488
796260,Point 101,32.3636236,-86.3646036
796261,Old Selma & McMillan,32.3641107,-86.3637319
796262,Trinity & Birmingham,32.3655799,-86.364035
796263,Buckingham & Owen,32.3666481,-86.361149
796264,Buckingham & Old Selma,32.3672213,-86.3594565
796265,Buckingham & Paul,32.3676426,-86.3581744
796266,Buckingham & Flack,32.3682385,-86.3560018
796267,Maxwell & Kelly,32.3700655,-86.3532874
796268,Maxwell at 3rd St. Bridge,32.3726062,-86.3496745
796269,Maxwell & Burkett West,32.3742599,-86.3469332
796270,Maxwell & Burkett East,32.3746359,-86.3455921
796271,Maxwell at Gill's Southern Diner,32.3749893,-86.3442296
796272,Maxwell & 4th,32.3756326,-86.3410404
796273,Maxwell & 2nd,32.3758682,-86.3391629
796274,Maxwell & 2nd,32.375986,-86.3391173
796275,Maxwell Air Force Base,32.3760132,-86.3381034
796276,Maxwell & May,32.3763349,-86.3356331
796277,Maxwell & Camden,32.3764708,-86.3344958
796278,Maxwell & Cullman,32.3766158,-86.3334015
796279,Maxwell & Crenshaw,32.376763,-86.3322696
796280,Maxwell & Covington,32.3768989,-86.3311726
796281,Maxwell & Conecuh,32.3770484,-86.3300487
796282,Maxwell & Colbert,32.3771957,-86.3288927
796283,Maxwell & Morris,32.3775422,-86.324974
796284,Maxwell & Dickerson,32.3774426,-86.3229328
796285,Maxwell & Holt,32.3774935,-86.3210486
796286,Maxwell & Whitman,32.3775649,-86.31726
796287,Maxwell & Goldthwaite,32.3775989,-86.3153905
796288,Fairview & Rosa L. Parks,32.3517387,-86.3165063
796308,Jefferson & Ripley,32.3812254,-86.2985301
796309,Upper Wetumpka & Jackson,32.3814916,-86.2966552
796310,Upper Wetumpka & St. Dominic,32.3826694,-86.2927607
796311,Paterson Field,32.3831326,-86.2907544
796312,Upper Wetumpka & Vonora,32.3833535,-86.2897043
796313,Upper Wetumpka & Hopper,32.3835358,-86.2887508
796314,Upper Wetumpka & Lewis,32.3842199,-86.286613
796315,Upper Wetumpka & Capitol,32.3847137,-86.2852947
796316,Upper Wetumpka & Madison Terrace,32.3853796,-86.2835044
796317,Upper Wetumpka & California,32.3861486,-86.2817207
796318,Upper Wetumpka & Florida,32.3869447,-86.2799571
796319,Upper Wetumpka & Maryland,32.3876921,-86.2782553
796320,2140 Upper Wetumpka,32.3889549,-86.2771904
796321,Upper Wetumpka & Rosedale South,32.3913115,-86.2758601
796322,Upper Wetumpka & Biltmore,32.3921993,-86.2755194
796323,Upper Wetumpka & Lucas,32.3929932,-86.2752834
796324,Upper Wetumpka & Rosedale North,32.3946114,-86.274865
796325,Upper Wetumpka & Crestview,32.3960268,-86.2743809
796326,Federal & Sweetbriar,32.3973563,-86.2725931
796327,Federal & Bonnie Crest Ct. South,32.3989687,-86.2722713
796328,Federal & Bonnie Crest Ct. North,32.4017226,-86.2700504
796329,Federal at US Marine Corps Center,32.404354,-86.2667862
796330,Federal & Coliseum,32.4052077,-86.265606
796331,Cong WL Dickinson at US National Guard Armory South,32.4066718,-86.2633207
796332,Cong WL Dickinson at US National Guard Armory North,32.4081369,-86.2610529
796333,Cong WL Dickinson & Newell,32.4090302,-86.2596273
796334,Cong WL Dickinson & Emory Folmar,32.41069,-86.2569693
796335,Cong WL Dickinson & Epa,32.4111316,-86.2535709
796336,Cong WL Dickinson & Turner,32.4116229,-86.2447786
796337,Cong WL Dickinson & McChord,32.4125649,-86.2387624
796338,Cong WL Dickinson & Stanley,32.4142201,-86.2359193
796339,Cong WL Dickinson & Gunter Park,32.4156104,-86.2345701
796340,Gunter Park & Gunter Park Dr. W,32.4156274,-86.2324767
796341,Gunter Park Dr. W & Gunter Park Dr. E,32.413214810801,-86.231928196874
796342,Gunter Park Dr. E at Rheem Water Heating North,32.4140798,-86.2278351
796343,Gunter Park Dr. E at Rheem Water Heating South,32.406987624245,-86.237690283279
796344,Gunter Park Dr. E at Steris North,32.4072911,-86.2276635
796345,Gunter Park Dr. E at Steris South,32.4055542,-86.2275991
796346,Gunter Park Dr. E & Midpark,32.399940264789,-86.226864185181
796347,2740 Gunter Park Dr. E,32.4028367,-86.2269098
796348,Gunter Park Dr. E at FedEx,32.4006537,-86.2268937
796349,Gunter Park Dr. E & Lagoon Park,32.3999924,-86.2270492
796350,2778 Gunter Park Dr. W,32.3990571,-86.2284842
796351,2778 Gunter Park Dr. W,32.3990299,-86.2302491
796352,Gunter Park Dr. W at Contech,32.4003411,-86.2338084
796353,2720 Gunter Park Dr. W,32.4012787,-86.2357691
796354,2732 Gunter Park Dr. W,32.4049541,-86.2374106
796355,Gunter Park Dr. W & Container,32.4064736,-86.2374401
796356,Gunter Park Dr. W at Webster Ind.,32.4079659,-86.2374669
796357,Gunter Park Dr. W at Giles Enterprises,32.4089283,-86.237475
796358,2754 Gunter Park Dr. W West,32.4108259,-86.2365094
796359,2754 Gunter Park Dr. W East,32.4112335,-86.2354392
796360,Gunter Park Dr. W at Thermalex,32.4120079,-86.2332451
796361,Gunter Park Dr. W at Rheem Water Heating,32.4137843,-86.231837
796362,Gunter Park Dr. W at Gunter Park Dr. W,32.4153002,-86.2318745
796363,Gunter Park Dr. W at Cong WL Dickinson,32.4158029,-86.2335643
796364,Cong WL Dickinson & Stanley,32.4145236,-86.2360936
796365,Cong WL Dickinson & McChord,32.412848,-86.2387329
796366,Cong WL Dickinson at Con-Way Freight,32.4123136,-86.2405354
796367,Cong WL Dickinson & Turner,32.4119513,-86.2444621
796368,Cong WL Dickinson & John Overton,32.4116954,-86.2488449
796369,Cong WL Dickinson & John Overton,32.4113965,-86.2490192
796370,Cong WL Dickinson & Epa,32.4113965,-86.2539974
796371,Cong WL Dickinson & Emory Folmar,32.4110116,-86.256811
796372,Cong WL Dickinson & Newell,32.4094129,-86.25963
796373,Cong WL Dickinson at Regency Inn,32.4077915,-86.2621325
796374,Cong WL Dickinson at Crump Community Center,32.4071484,-86.2631035
796375,Cong WL Dickinson & Coliseum,32.4060298,-86.2648791
796376,Federal at Hardee's,32.4054093,-86.2658876
796377,Federal at Montgomery State Farmer's Market,32.4047277,-86.2667754
796378,Federal at Garrett Coliseum North,32.4029477,-86.2690178
796379,Federal at Garrett Coliseum South,32.4014463,-86.270839
796380,Federal & Bonnie Crest Ct. South,32.3991658,-86.2724912
796381,Federal & Sweetbriar,32.3975216,-86.2728667
796382,Crestview & Upper Wetumpka,32.3961005,-86.2739906
796383,Upper Wetumpka & Harmon,32.3951572,-86.2748998
796384,Upper Wetumpka & Lucas,32.3930872,-86.2754148
796385,Upper Wetumpka & Biltmore,32.3923896,-86.2756374
796386,Upper Wetumpka & Rosedale South,32.3914768,-86.2759861
796387,King Hill Park,32.3890319,-86.2773407
796388,Upper Wetumpka & Claremont,32.3875449,-86.2789969
796389,Upper Wetumpka & Claudette Colvin,32.3872743,-86.2796205
796390,Upper Wetumpka & Clifford Laws,32.3867556,-86.2807243
796391,Upper Wetumpka & California,32.3863569,-86.2816054
796392,Upper Wetumpka & Madison Terrace,32.3856536,-86.2832911
796393,Upper Wetumpka & Capitol,32.3849572,-86.2850681
796394,Upper Wetumpka & Glenmore,32.3842992,-86.2867713
796395,Upper Wetumpka & Hopper,32.3837147,-86.2886207
796396,Upper Wetumpka & Vonora,32.3835143,-86.2896091
796397,Paterson Field,32.3832946,-86.2907812
796398,Upper Wetumpka & St. Dominic,32.3828914,-86.2926722
796399,Upper Wetumpka & Jackson,32.382367,-86.2968913
796400,US 82 Service & Technology,32.3266532,-86.243628
796401,US 82 Service & Treholm State Tech North,32.3257647,-86.2414983
796402,US 82 Service & Treholm State Tech South,32.324398,-86.2397683
796403,US 82 Service & US 231 Service,32.3232976,-86.2385626
796404,Troy at Shell,32.3223717,-86.237298
796405,Troy at Firestone,32.3210865,-86.2358791
796406,Troy at Day's Inn,32.3187654,-86.2333792
796407,Troy & Business Park,32.3174734,-86.2319054
796408,Troy at Alabama Truck Rentals,32.3165554,-86.2306997
796409,Troy & Radio,32.3137457,-86.226258
796411,Cherry Hill & Oakley,32.3112023,-86.2257604
796412,Cherry Hill & Eric,32.3090793,-86.2257819
796413,Eric & Hurlston,32.3075536,-86.2268373
796414,Hurlston & Lilly,32.307591,-86.2275669
796415,Lilly & Gordon,32.3061379,-86.2280591
796416,Lilly & Sawston,32.3057491,-86.2299567
796417,Sawston & Wimbledon,32.3038788,-86.2300077
796418,Wimbledon & Eric,32.3040057,-86.2268642
796419,Sawston & Sawston Ct.,32.3049307,-86.2301177
796420,Wimbledon & Wimbledon Cir.,32.3039559,-86.2280336
796421,Eric & Honey Bee,32.3049896,-86.2266764
796422,Eric & Hurlston,32.3074312,-86.2266764
796423,Eric & Cherry Hill,32.3089365,-86.225802
796424,Cherry Hill & Oakley,32.3111036,-86.2256116
796425,Cherry Hill & Troy,32.3126428,-86.2246031
796426,Troy & 1st,32.3140619,-86.2261748
796427,Troy at Holiday Inn,32.3151001,-86.2277842
796428,Troy at Hartwell's Nursery,32.3168058,-86.2304825
796429,Troy & Plaza,32.3175459,-86.2314266
796430,Troy at U-Haul,32.3189853,-86.2330547
796431,Troy & Park Towne,32.3207216,-86.2349698
796432,Troy & Catherine,32.3217053,-86.2360588
796433,Troy at Hardee's,32.3225235,-86.2368929
796434,Christine Elizabeth & Troy,32.3238427,-86.2380061
796435,Christine Elizabeth & Liberty Square,32.3242348,-86.2349376
796436,Christine Elizabeth at Walmart South,32.3261409,-86.2338781
796437,Christine Elizabeth & Walmart North,32.3272583,-86.2341624
796438,Christine Elizabeth & US 80 Service,32.328557,-86.2350194
796439,US 43 & Richard,32.3279564,-86.2370995
796440,US 231 & Eastern,32.3274555,-86.2388563
796441,Troy & US 231,32.3234823,-86.2385076
796442,Virginia Loop & Raintree,32.3219863,-86.2386471
796443,Virginia Loop & Meadow Walk,32.3203476,-86.2387839
796444,Virginia Loop & Virginia Downs,32.319527,-86.2388402
796445,Virginia Loop & Lynchburg,32.3181443,-86.2389931
796446,Virginia Loop & Fredricksburg,32.3155693,-86.2392345
796447,4490 Virginia Loop,32.3169033,-86.2390883
796448,Virginia Loop at Roadrunner,32.3143679,-86.239256
796449,Virginia Loop & Susan,32.3139123,-86.2392747
796450,Virginia Loop & Capwood Curve,32.3119741,-86.2392318
796451,Virginia Loop & Virginia Loop Dr.,32.3106344,-86.2392399
796452,Virginia Loop at Century 2000 Day Care,32.309442,-86.2391862
796453,Virginia Loop & Monterey,32.3047085,-86.2391138
796454,Virginia Loop & Fitzpatrick,32.3019971,-86.2391326
796455,Virginia Loop & Amberly,32.3009315,-86.2390682
796456,5025 Virginia Loop,32.2983107,-86.2390628
796457,Virginia Loop & Woodley,32.2961829,-86.2390682
796458,Woodley & Matterhorn,32.3021512,-86.2448323
796459,Woodley & Lockridge,32.3033324,-86.2460849
796460,Woodley & Shadowood,32.3057695,-86.2496603
796461,Woodley & Woodley Downs,32.3063668,-86.2503871
796462,Woodley & Valley Village,32.3071943,-86.2512535
796463,Woodley & Whispering Pine,32.3089523,-86.2530237
796464,Woodley at Woodley Oaks Apts.,32.3102513,-86.2544104
796465,Woodley & Knollwood,32.3138125,-86.258136
796466,Woodley & Woodley Park,32.3145697,-86.2589139
796467,Woodley at Crump Park,32.316,-86.2604642
796468,Woodley & Gwynnbrook,32.3186815,-86.261749
796469,Woodley & Aladena,32.3202297,-86.2622988
796470,Woodley & Argyle,32.3214854,-86.2627012
796471,Woodley & Baldwin Brook,32.3223637,-86.2629922
796472,Woodley & Elsmeade,32.3238223,-86.2634911
796473,Eagerton & Quenby,32.3104145,-86.2572053
796474,Eagerton & Windrush,32.308508,-86.2579563
796475,Eagerton & Menlo,32.3075389,-86.2579215
796476,Eagerton & Wilding,32.3053875,-86.2570457
796477,Eagerton & Rosedon,32.3036974,-86.2570001
796478,Rosedon & Adler,32.3036385,-86.2579805
796479,Rosedon & Garden Homes,32.3035534,-86.2594905
796480,Rosedon & Belvoir,32.3049579,-86.2621687
796481,Rosedon & Spring Valley,32.3056199,-86.2629814
796482,Rosedon & Rosedon Ct.,32.3063555,-86.2638961
796483,Rosedon & Cheekwood,32.3086429,-86.2642541
796484,Rosedon & Riding,32.3108747,-86.2641603
796485,Riding & Smallbrook,32.3108203,-86.2632215
796486,Riding & Spring Valley,32.3106253,-86.260656
796487,Spring Valley & Smallbrook,32.311353,-86.2598875
796488,Spring Valley & Quenby,32.3119333,-86.2590265
796489,Spring Valley & Woodley,32.3129466,-86.2576734
796499,Molton & Montgomery,32.376251,-86.311748
796500,Montgomery & Catoma,32.3757187,-86.3125339
796501,Montgomery & Wilkinson,32.3749916,-86.3135907
796502,Montgomery & State,32.3743414,-86.3145053
796503,Montgomery & Goldwaite,32.3739699,-86.3150498
796504,Goldwaite & Mobile,32.3730819,-86.315251
796505,Goldwaite & Mildred,32.3710612,-86.3151893
796506,Mildred & Rosa L. Parks,32.371,-86.3168979
796507,Rosa L. Parks & Grady,32.3690925,-86.3170239
796508,Rosa L. Parks & Stone,32.3683789,-86.3170025
796509,Rosa L. Parks & Bullock,32.365094,-86.316973
796510,Rosa L. Parks & Columbia,32.3638955,-86.3169488
796511,Rosa L. Parks & Mill,32.362595,-86.3169408
796512,Rosa L. Parks & Emerson,32.3612243,-86.3168952
796513,Rosa L. Parks & Clinton,32.3603657,-86.3168818
796514,Rosa L. Parks & Early,32.3590289,-86.3168415
796515,Rosa L. Parks & Underwood,32.3580932,-86.3168308
796516,Rosa L. Parks & Woodrow,32.3571302,-86.316812
796517,Rosa L. Parks & Clarke,32.356165,-86.3167799
796518,Rosa L. Parks & Stephens,32.355338,-86.316753
796519,Rosa L. Parks & Elm,32.3543071,-86.3167182
796520,Rosa L. Parks & Alexander,32.3538426,-86.3167182
796521,Rosa L. Parks & Malvern,32.3530405,-86.3167208
796522,Rosa L. Parks & Malvern,32.3529476,-86.3165626
796523,Rosa L. Parks & Liberty,32.3534189,-86.3165572
796524,Rosa L. Parks & Elm,32.3541666,-86.3165841
796525,Rosa L. Parks & Lincoln,32.3548259,-86.3165948
796526,Rosa L. Parks & Kahn,32.3554649,-86.3165921
796527,Rosa L. Parks & Troy,32.356165,-86.3166216
796528,Rosa L. Parks & Auburn,32.3568538,-86.3166431
796529,Rosa L. Parks & Underwood,32.3579323,-86.3166404
796530,Rosa L. Parks & Early,32.358902,-86.3166699
796531,Rosa L. Parks & Wade,32.3606738,-86.3167181
796532,Rosa L. Parks & Georgia,32.3619992,-86.3167369
796533,Rosa L. Parks & Meehan,32.3628941,-86.3167691
796534,Rosa L. Parks & Columbia,32.3637618,-86.3167879
796535,Rosa L. Parks & Wayne,32.3646205,-86.3168013
796536,Rosa L. Parks & Stone,32.3683223,-86.3168657
796537,Rosa L. Parks & Grady,32.368977,-86.3168684
796538,Rosa L. Parks & Mildred,32.3708301,-86.3169166
796539,Mildred & Morgan ,32.3708777,-86.3159765
796540,Mildred & Goldwaite,32.37088,-86.3151973
796541,Goldthwaite & Warren,32.3718359,-86.3150203
796542,Goldwaite & Clayton,32.3733107,-86.315074
796543,Montgomery & State,32.3740628,-86.3145107
796544,Point 49,32.3747016,-86.3136148
796545,Montgomery & Catoma,32.3753857,-86.3126278
796546,Molton & Montgomery,32.3765274,-86.3116622
796547,Molton & Bibb,32.3774743,-86.3125393
796548,Molton & Tapoosa,32.3787745,-86.3137704
796549,Fairview & Montview,32.3515949,-86.3152161
796550,Fairview & Edgar D. Nixon,32.3516379,-86.3125862
796551,Fairview & Elder,32.3516368,-86.3116997
796552,Fairview & Dudley,32.3516458,-86.3108964
796553,Fairview & The Prado,32.3516696,-86.3100046
796554,Fairview & Court,32.3516821,-86.3085267
796555,Fairview & Perry,32.3518608014578,-86.3066022355472
796556,Fairview & Gilmer,32.3518995080388,-86.3044161987419
796557,Fairview & Hull,32.351911077022,-86.3024125987419
796558,Fairview & Wilmington,32.3519275637175,-86.3011157650124
796559,Norman Bridge & Fairview,32.3515134568309,-86.2996579447399
796560,Norman Bridge & Arlington,32.35057039893,-86.299662020832
796561,Norman Bridge & Mt. Vernon,32.3491917193062,-86.2996472797275
796562,Norman Bridge & Hadley,32.3485367342628,-86.2996150331005
796563,Norman Bridge & Plymouth,32.3470983796299,-86.2995962674591
796564,Norman Bridge & Edgemont,32.3444488294676,-86.2995319331005
796565,Norman Bridge & Augusta,32.3417709846046,-86.2994554699059
796566,Norman Bridge & Ogden,32.3409498004186,-86.2994501398464
796567,Norman Bridge & midblock b/n Briarcliff & Delano,32.3390219951203,-86.299407209787
796568,Delano & Wilmington,32.3372562320256,-86.3008113282417
796569,Delano & Gaylord,32.3372426443571,-86.3021189147499
796570,Delano & Southmont,32.3372168517387,-86.3049029981823
796571,Delano & Perry,32.3372089517303,-86.3062293411045
796572,Delano & Court,32.3373318691666,-86.3081149711986
796573,Court & National,32.3392762680666,-86.3081539037048
796574,Court & Ogden,32.3409838767822,-86.3081592705696
796575,Court & Anton,32.3422524859373,-86.3081941171966
796576,Court & Haardt,32.3434910764044,-86.3082343570778
796577,Court & Edgemont,32.3445881374475,-86.308263843586
796578,Court & Plymouth,32.3471438125293,-86.3083496791679
796579,Court & Stuart,32.3485779544718,-86.3083899037048
796580,Court & Courtland,32.3495194533378,-86.3084167392868
796581,Court & Arlington,32.3504137865715,-86.3084314803913
796583,Fairview & The Prado<BR>,32.3518282,-86.3098007
796584,Fairview & Dudley,32.3518147,-86.3108522
796585,Fairview & Elder,32.3518124,-86.3115308
796586,Fairview & Edgar D. Nixon,32.3517943,-86.3123569
796587,Fairview & Montview,32.3517467,-86.3150793
796592,Gaston & Capri,32.3500495,-86.3184281
796593,Gaston & Sandra,32.3492712,-86.318412
796594,Gaston & Stuart,32.3484339,-86.3183865
796595,Gaston & Doris,32.34754,-86.3183624
796596,Gaston & Upchurch,32.3466336,-86.3183409
796597,Gaston & Ridgemont,32.3455323,-86.3183355
796598,Gaston & Edgemont,32.3443596,-86.3183302
796599,Gaston & Doris,32.3425343,-86.3182618
796600,Gaston & Ridgecrest,32.3407305,-86.3182296
796601,Gaston & National,32.33893,-86.3181719
796602,Gaston & Bowman,32.3370955,-86.3181317
796603,Gaston & Belvedere,32.3356134,-86.3181049
796604,Gaston & April,32.3348383,-86.3180794
796606,Gaston & Clover Hill,32.3332485,-86.3180432
796607,Gaston & Iris,32.3313005,-86.3191979
796608,Gaston & Clovis,32.3301923,-86.317091
796609,Gaston & Rosa L. Parks,32.3302115,-86.3162206
796610,Rosa L. Parks & Collinwood,32.3292415,-86.3161482
796611,Rosa L. Parks & Oakdale,32.3284426,-86.3161093
796612,Rosa L. Parks & Oak,32.3276334,-86.3160838
796613,Rosa L. Parks & South Blvd. North,32.3269943,-86.3160771
796614,Rosa L. Parks & South Blvd. South,32.3261523,-86.3160422
796615,Rosa L. Parks & Larchmont,32.3256196,-86.3160262
796616,Rosa L. Parks & Georgena,32.3236375,-86.3160449
796617,Rosa L. Parks & Fleming,32.3225655,-86.3160905
796618,Fleming & Burgwyn,32.3223977,-86.3149868
796619,Fleming & Beckview,32.3224533,-86.3112102
796621,Fleming & Endover,32.3224895,-86.3069201
796622,86 Fleming,32.3225349,-86.3049272
796623,Fleming at Fresh Anointing Intl. Church,32.3226029,-86.3018882
796624,Fleming & Norman Bridge,32.322664,-86.2993307
796625,Norman Bridge & Buckingham,32.3240059,-86.2990759
796626,Norman Bridge & John Morris<BR>,32.3243776,-86.299096
796627,Norman Bridge & Martin Patton<BR>,32.3250689,-86.2991148
796628,Norman Bridge & South,32.3261863,-86.2991175
796629,South & Southwood,32.3263449,-86.2967183
796630,South & Nordale,32.3263789,-86.2955891
796631,South & Sussex,32.326388,-86.2944853
796632,South at Employment Service,32.3264503,-86.2907007
796633,South at Mr. Transmission,32.3264979,-86.2878643
796634,South at South Haven Center,32.3265399,-86.285508
796635,South & Narrow Lane,32.3264696,-86.2822558
796636,Narrow Lane & Devonshire,32.3249556,-86.2822303
796637,Narrow Lane & Buckingham,32.3229587,-86.2821981
796638,Narrow Lane at Queen of Mercy,32.3210332,-86.2821552
796639,Narrow Lane & Sunshine,32.3199498,-86.2821512
796640,Sunshine & Bancroft,32.3199418,-86.2831664
796641,Sunshine & Banyan,32.3195769,-86.2854034
796642,Sunshine & Coventry,32.3188572,-86.2862563
796643,Sunshine & Biscayne,32.3179585,-86.2881647
796644,Sunshine & Marlowe,32.3181591,-86.2902059
796645,Sunshine & Flamingo,32.3188787,-86.2910628
796646,Sunshine & Mangrove,32.3192856,-86.2914947
796647,Sunshine midblock b/n Mangrove & Buckingham ,32.3210037,-86.2915443
796648,Sunshine & Buckingham,32.3227252,-86.2915403
796649,Buckingham & Amherst,32.3228284,-86.2931496
796650,Buckingham & Sussex,32.3228159,-86.2942547
796651,Buckingham & Nordale,32.3230414,-86.2957701
796652,Buckingham & Southwood,32.323607,-86.2967652
796653,Buckingham & Norman Bridge,32.3241611,-86.2990089
796654,South & Norman Bridge,32.3270679,-86.2996379
796655,South & Court,32.3271246,-86.3076738
796656,South at Norman Bridge,32.3270272,-86.3021752
796657,South at Eclipse Motor,32.3270589,-86.3047314
796658,122 South,32.3269535,-86.3097954
796659,242 South,32.326864,-86.3137195
796660,South & Rosa L. Parks,32.3269422,-86.3158223
796661,South & Davenport,32.3264957,-86.3250464
796662,South at King Tire,32.3265081,-86.3285762
796663,South at Travel Inn,32.326762,-86.3307703
796664,South at Hwy. 65,32.3272175,-86.3335356
796665,South & Inn,32.3277819,-86.3370037
796666,South at Candlelight Inn,32.3280607,-86.3386908
796667,1180 South,32.3285094,-86.3413972
796668,South & Mobile,32.3288517,-86.3434973
796669,Edgemont & Caffey,32.3439404,-86.3371646
796670,Edgemont & Rountree,32.3444185,-86.3347802
796672,Mobile & Tuskegee South,32.3453635,-86.332798
796673,Mobile & Tuskegee North,32.3476522,-86.3328731
796674,Mobile & Mc Elvy,32.3483274,-86.3329992
796675,Mobile & Roundtree,32.3492859,-86.3333988
796676,Mobile & Fairview,32.3508381,-86.3334498
796677,Estate & Bruce (Smiley Court),32.3315578,-86.3560715
796678,Bruce & W Smiley,32.3310433,-86.3539767
796679,W Smiley & S Smiley,32.332462,-86.3538399
796680,S Smiley & Bruce,32.3322059,-86.3524103
796681,S Smiley & E Smiley,32.3319566,-86.3497469
796683,Otis & Williams,32.3342343,-86.3510504
796684,Otis & Marilyn,32.3345063,-86.3522977
796685,Otis & W Smiley,32.3342887,-86.353915
796686,W Smiley & S Smiley,32.3326411,-86.3539901
796687,S Smiley & Bruce,32.3311906,-86.353966
796688,Bruce & Estate,32.3317005,-86.3559884
796689,Air Base & Trenholm State Tech,32.3505367,-86.344935
796690,Air Base at Montgomery Corps Job Center,32.3525465,-86.345564
796691,Air Base at County Youth Facility,32.3539196,-86.3459314
796692,Air Base & Tine,32.3560721,-86.3464773
796693,Day Street & Terminal Rd.,32.35858452395,-86.339902894343
796694,Air Base & Turner,32.3604336,-86.3475636
796695,Air Base & Bishop,32.3619448,-86.3479578
796696,531 Air Base,32.3633087,-86.3482663
796697,Air Base & Foshee,32.3646476,-86.3486096
796698,Air Base & Ousley,32.3664986,-86.3489234
796699,Air Base & Halstead,32.3671193,-86.3489744
796700,Air Base & American,32.367987,-86.348969
796701,Day & Cortez,32.3691039,-86.347758
796702,Day & Barnes,32.3690234,-86.3469172
796703,Day & Colony,32.369045,-86.3463217
796704,Day & Community,32.3690654,-86.3452743
796705,Day & Kimball,32.3690903,-86.3443838
796706,Day & Keystone,32.3691073,-86.3436958
796707,Day & Kruse,32.3691209,-86.3429421
796708,Day & Schley,32.3691741,-86.3409197
796709,Schley at railroad tracks,32.3675792,-86.3408272
796710,Schley & Lemon,32.3668747,-86.3406233
796711,Day Street & Horace,32.3641719,-86.3401151
796712,Day Street & Boys Club,32.3626449,-86.3401526
796713,Day Street at Highland Meadows Apartments,32.3612742,-86.3401392
796714,Day Street & Highland Village,32.3602739,-86.3401607
796715,Day Street & Terminal,32.3586063,-86.3401352
796716,Terminal at railroad tracks,32.3586381,-86.3380297
796717,Terminal & Gibbs,32.3587616,-86.3358758
796718,Gibbs & Gibbs Cir. North,32.3572866,-86.3364565
796719,Gibbs & Crossway,32.3564471,-86.3367368
796720,Gibbs & Gibbs Cir. South,32.355815,-86.3370587
796721,Gibbs & Hilldale,32.3534789,-86.3371392
796722,Gibbs & Mobile,32.3532217,-86.3362473
796723,Mobile & Sandy,32.3525125,-86.3365477
796724,Mobile & Hickman,32.3516221,-86.3370922
796725,Mobile & Fairview,32.3510522,-86.3371915
796727,Oak & Fairview,32.3516742,-86.3248278
796728,Oak at Fairview Plaza,32.3526508,-86.3248788
796729,Oak & Alexander,32.3535888,-86.324864
796730,Oak & Erskine,32.3543025,-86.3248976
796731,Oak & Stephens,32.3550197,-86.3249056
796732,Oak & Council,32.3558773,-86.3248801
796733,Oak & Kensington,32.356941,-86.3248761
796734,Oak & Dorothy,32.357785,-86.3249069
796735,Oak & Early,32.358714,-86.324915
796736,Oak & Lincoln,32.359806,-86.3249579
796737,Oak & Travis,32.3605016,-86.3249579
796738,Oak & Mill,32.3623096,-86.3249955
796739,Oak & Mobile,32.3634537,-86.3250411
796740,Oak & Leola,32.364147,-86.3250759
796741,Oak & Carlo,32.3648153,-86.3250598
796743,Oak & Day St. bridge,32.3672417,-86.3251188
796744,Oak & Davidson,32.3678035,-86.3251564
796745,Oak & Winifred,32.3685307,-86.3251886
796746,Oak & Day,32.3694641,-86.3251644
796747,Oak & Garrett,32.3704382,-86.3252476
796748,Oak & Robinson,32.3718133,-86.3252744
796749,Oak & Mc Gowan,32.3723751,-86.3252985
796750,Oak & Clayton,32.3732065,-86.3253146
796751,Clayton & Short,32.373271,-86.32416
796752,Clayton & Dickerson,32.3733141,-86.3228738
796753,Clayton & Holt,32.3733651,-86.3209976
796754,Clayton & Harrick,32.3734002,-86.3190168
796755,Clayton & Whitman,32.3734398,-86.3171272
796756,Clayton & Goldthwaite,32.3734693,-86.3154495
796773,Clayton & Goldthwaite,32.373578,-86.3154119
796774,Clayton & Whitman,32.3735599,-86.3169448
796775,Clayton & Harrick,32.3735304,-86.3188411
796776,Clayton & Holt,32.3734851,-86.3207334
796777,Clayton & Dickerson,32.3734126,-86.3226753
796778,Clayton & Short,32.3733832,-86.3240299
796779,Oak & Clayton,32.3733651,-86.3252851
796780,Oak & Mc Gowan,32.3724646,-86.3254313
796781,Oak & Robinson,32.3719515,-86.3254099
796782,Oak & Beach,32.370667,-86.3253817
796783,Oak & Day,32.3696816,-86.3253602
796784,Oak & Winifred,32.368644,-86.3253441
796785,Oak & Davidson,32.3679315,-86.3252985
796786,Oak & Day St. bridge,32.3672824,-86.3252771
796787,Oak & Jeff Davis,32.3661248,-86.3252771
796788,Oak & Carlo,32.3649467,-86.3252449
796789,Oak & Leola,32.3642432,-86.3252221
796790,Oak & Mobile,32.3636723,-86.3252141
796791,Oak & Mill,32.3624546,-86.3251846
796792,Oak & Travis,32.3606738,-86.3251403
796793,Oak & Lincoln,32.3599125,-86.3251242
796794,Oak & Early,32.3588748,-86.3251001
796795,Oak & Dorothy,32.3579028,-86.3250652
796796,Oak & Stella,32.3569467,-86.3250518
796797,Oak & Council,32.3559996,-86.3250196
796798,Oak & Stephens,32.3551703,-86.3250276
796799,Oak & Erskine,32.3544068,-86.3250464
796800,Oak & Alexander,32.3536817,-86.3250384
796801,Oak at Fairview Plaza,32.3526847,-86.3250035
796802,Oak & Fairview,32.3516538,-86.3249981
796809,Commerce & Montgomery,32.3776804,-86.3097686
796810,Dexter & McDonough,32.3774346,-86.3051029
796811,Dexter & Hull,32.3774709,-86.3038851
796812,Hull & Washington,32.3765217,-86.303798
796813,Hull & Adams,32.3753438,-86.3037403
796814,Hull & Alabama,32.3742383,-86.3036866
796815,Hull & Scott,32.3737434,-86.3036679
796816,Hull across from Huntsville Times,32.3729856,-86.303633
796817,Hull & High,32.3720081,-86.3035995
796818,Hull at Capital Hill Rehab,32.3711994,-86.3035887
796819,Hull & Grove,32.3702434,-86.3035686
796820,Hull across from liquor store,32.3692704,-86.3035136
796821,Hull & South,32.3684763,-86.3034734
796822,Hull & Arba,32.3674988,-86.3034332
796823,Hull & Jeff Davis,32.3664771,-86.303405
796824,Hull & Julia,32.3655267,-86.3033541
796825,Hull & Cramer,32.3645616,-86.3033004
796826,Hull & Highland,32.3636157,-86.3032575
796827,Hull & Burton,32.3627287,-86.3032052
796828,Hull & Finley,32.3612923,-86.3031381
796829,Hull & Maury,32.360573,-86.30311
796830,Hull & Earl,32.3598978,-86.3030764
796831,Hull & Clanton,32.3592691,-86.3030563
796832,Hull & Cloverdale,32.3582971,-86.302996
796833,Cloverdale & Graham,32.358177,-86.2988479
796834,Cloverdale & Felder,32.3579901,-86.2970375
796835,Felder & Sanford,32.3579855,-86.2964232
796836,Felder & Galena,32.3581373,-86.2944303
796837,Felder & Park,32.3582404,-86.2929806
796838,Felder & Cloverdale Park,32.3582552,-86.2917589
796839,Felder & Boultier,32.358245,-86.2907691
796840,Boultier & Woodward,32.3573274,-86.2907195
796841,Boultier & Westmoreland,32.3561344,-86.2906699
796842,Boultier & Magnolia Curve,32.3549007,-86.2906645
796843,Boultier & Navarro,32.3537621,-86.2906162
796844,Boultier & Fairview,32.352423,-86.2906002
796845,Fairview & Woodley Terrace,32.3519733,-86.2890351
796846,Fairview & Bankhead,32.3519801,-86.2877101
796847,Fairview & Huntingdon College,32.3519835,-86.2854624
796848,Fairview & College,32.351971,-86.2840918
796849,Fairview & Narrow Lane,32.3519642,-86.2827131
796850,Narrow Lane at Huntington College tennis courts,32.3497844,-86.2825549
796851,Narrow Lane & Woodley,32.3470607,-86.2825093
796852,Allendale & Woodley,32.346688,-86.2819916
796853,Allendale & Myrtlewood,32.3467163,-86.2784591
796854,Allendale & Green Park,32.3452638,-86.2753612
796855,Allendale & Campbell,32.3445409,-86.2756321
796856,Allendale & Allendale Pl.,32.3436503,-86.2759352
796857,Allendale & Fernway,32.3429161,-86.2729914
796858,Fernway & Green Park,32.3449431,-86.273029
796859,Fernway cul de sac,32.3456841,-86.2730384
796860,Allendale & Fernway,32.3455840024295,-86.2716208496681
796861,Fernway & Boxwood,32.3455425,-86.2703428
796862,Boxwood & Jasmine,32.3467775,-86.2702113
796863,Jasmine & Old Farm,32.3475219,-86.2688622
796864,Jasmine & Pinehurst,32.3492372,-86.2688193
796865,Pinehurst & Jamestown,32.3494287,-86.2669632
796866,Old Farm & Rolling,32.3486571,-86.2658072
796867,Rolling & Fernway,32.3476703,-86.264466
796868,Fernway & Highfield,32.3479059,-86.2629962
796869,Highfield & Hathaway North,32.3469995,-86.2629426
796870,Highfield & Hathaway South,32.3460002,-86.2631062
796871,Highfield & Lansdowne,32.3448559,-86.2631544
796872,Lansdwone & Rolling,32.3447992,-86.2641683
796873,Lansdowne & Warrenton,32.3446225,-86.2656945
796874,Warrenton & Wildwood,32.3426351,-86.2656516
796875,Warrenton & Crawford,32.3417718,-86.2656409
796876,Warrenton & McCurdy,32.3406364,-86.2663731
796877,McCurdy & Hermitage,32.3396597,-86.265665
796878,Hermitage & Lansdowne,32.3387646,-86.2674138
796879,Hermitage & McGehee,32.3378286,-86.2676203
796880,McGehee & Cherokee,32.3377561,-86.271413
796881,McGehee & Woodley,32.3381867,-86.2733401
796882,Woodley & Midfield,32.3388099,-86.2740013
796883,Woodley & Hawthorn,32.3397141,-86.274763
796884,Woodley & Wildwood,32.3407724,-86.275683
796885,Wildwood & Fernway,32.3414772,-86.2728962
796886,Fernway & Allendale Pl.,32.3429116,-86.2728426
796887,Allendale Pl. & Allendale,32.3436118,-86.2757769
796888,Allendale & Campbell,32.3443982,-86.2755463
796889,Allendale & Green Park,32.3451301,-86.2752593
796890,Allendale & Myrtlewood,32.3468273,-86.2782151
796891,Allendale & Woodley<BR>,32.3468001,-86.2821257
796892,Narrow Lane at Huntington College tennis courts,32.3496507,-86.2823939
796893,Narrow Lane & Fairview,32.3519857,-86.2824811
796894,Fairview & College,32.3521591,-86.2839308
796895,Fairview & Huntingdon College,32.3521613,-86.2851968
796896,Fairview & Agnew,32.3521591,-86.2865889
796897,Fairview & Woodley Terrace,32.3521432,-86.2888393
796898,Fairview & Boultier,32.3521364,-86.2903762
796899,Boultier & Navarro,32.3536613,-86.2904754
796900,Boultier & Magnolia Curve,32.3547489,-86.2905237
796901,Boultier & Westmoreland,32.3560359,-86.2905613
796902,Boultier & Woodward,32.3571529,-86.29058
796903,Boultier & Felder,32.3582495,-86.2906203
796904,Felder & Cloverdale Park,32.3583696,-86.2916502
796905,Felder & Dunbar,32.3583854,-86.2927741
796906,Felder & Galena,32.3582654,-86.2942976
796907,Felder & Sanford,32.3581249,-86.2963012
796908,Cloverdale & Graham,32.3583265,-86.2985489
796909,Cloverdale & Norman Bridge,32.3583084,-86.2997639
796910,Decatur & Clanton,32.3591127,-86.2998471
796911,Decatur & Finley Curve,32.3597879,-86.2998605
796912,Decatur & Finley,32.3611654,-86.2998685
796913,Decatur & Carter Hill,32.3629439,-86.2998793
796914,Union & Decatur,32.3640495,-86.2999544
796915,Union & University,32.365308,-86.299949
796916,Union & Lewis,32.3656717,-86.2999436
796917,Union & Genetta,32.3665869,-86.2999503
796918,Union & Arba,32.3673617,-86.2999758
796919,Union & South,32.3683042,-86.3000134
796920,Union & Grove,32.3694731,-86.2998766
796921,Union & High,32.3718858,-86.299367
796922,Union & Scott,32.3736731,-86.2994099
796923,Union & Alabama,32.3743074,-86.2994367
796924,Union & Adams,32.3752906,-86.2994877
796925,Washington & Union,32.3766497,-86.2999731
796926,Washington & Bainbridge,32.3765976,-86.3010943
796927,Washington & Decatur,32.3765704,-86.3022932
796928,Washington & Hull,32.3765206,-86.3035217
796929,Washington & McDonough,32.3764277,-86.3047045
796930,Washington & Lawrence,32.3763711,-86.305992
796931,Point 123,32.376353,-86.3072178
796932,Decatur & Monroe,32.3790225,-86.3026996
796933,Decatur & Dexter,32.3778322,-86.3026312
796934,Decatur & Washington,32.3765693,-86.3025829
796935,Decatur & Adams,32.3754605,-86.3025078
796936,Decatur & Alabama,32.3742927,-86.3024327
796937,Decatur & Scott,32.3737989,-86.3024193
796938,Decatur & High,32.3722992,-86.3023616
796939,Chesnut & Greenwood,32.3673867,-86.2699042
796940,Chesnut at US Forestry Dept.,32.367031,-86.2672488
796941,Chesnut & Lincoln,32.3668916,-86.2656435
796942,Harrison & Fairfax,32.3668826,-86.2641992
796943,Harrison at ABC Affiliate,32.3669075,-86.2619515
796944,Harrison & Zephyr Hills,32.3669154,-86.2605152
796945,Harrison & Noremac,32.3669607,-86.2571731
796946,Harrison & Karen,32.3669721,-86.2544453
796947,Harrison & Loch Haven,32.3669879,-86.2532866
796948,Harrison at Flowers Elementary,32.3670174,-86.2509397
796949,Harrison & Beechdale,32.3670366,-86.2489763
796950,Harrison & Avondale,32.3670616,-86.2469888
796951,Harrison & Perry Hill,32.3670627,-86.2443602
796952,Perry Hill & Beth Manor,32.365436,-86.2443092
796953,Perry Hill & Elm Dale,32.3626607,-86.2443146
796954,Perry Hill & Interstate,32.3617975,-86.2443361
796955,Charmichael & Charmichael Way West,32.3572345,-86.241096
796956,Charmichael & Charmichael Way East,32.3577556,-86.2396181
796957,Charmichael & Charmichael Ct. West,32.3580139,-86.2380624
796958,Charmichael & Sunnyland,32.3583968,-86.2357154
796959,Carmichael & Trinity,32.358689,-86.2338191
796961,Carmichael & Eastern,32.3597392,-86.2162748
796962,Carmichael & E Boulevard Service Rd.,32.3599409,-86.2146923
796963,Carmichael at Courtyard Montgomery,32.3599896,-86.2121281
796964,Carmichael & Himar,32.3599918,-86.2096792
796965,Carmichael & Woodmere,32.359985,-86.2076756
796966,Carmichael & Tudor,32.3600031,-86.2053635
796967,Carmichael & Carmichael Pl.,32.3600711,-86.2027699
796968,Carmichael & Willow Glen,32.3594277,-86.2012866
796969,Woodmere & Forest Grove,32.3583311,-86.2012518
796970,Woodmere & Willow Glen,32.3569671,-86.2016058
796971,Woodmere & Margo,32.3559158,-86.2018203
796972,Woodmere & Heidi,32.3550412,-86.201807
796973,Woodmere & Woodmere Loop East,32.3541439,-86.2021503
796974,Woodmere & Salisbury,32.3539287,-86.2037328
796975,Woodmere & Limestone,32.3539967,-86.2058384
796977,Woodmere & London Town West,32.355022,-86.2112228
796978,Woodmere & Festival,32.3558863,-86.213563
796979,Eastern Frontage & Haskell,32.3548825,-86.2185198
796980,Eastern Frontage at Lowes,32.3535526,-86.2192494
796981,Eastern Frontage at Harbor Freight,32.3521829,-86.2200192
796982,Eastern & Young Barn,32.3484611,-86.2218806
796983,Eastern Frontage at Home Depot,32.3513343,-86.2205046
796984,US 80 Service & Arbor Station,32.3507701,-86.219936
796985,US 80 Service at Aaron's,32.3499691,-86.2203813
796986,US 80 Service at Extended Stay,32.3487262,-86.2210706
796987,US 80 Service at U-Haul,32.347404,-86.2218042
796988,US 80 Service at Gangnam Grill,32.3458529,-86.2226826
796989,Eastern & Young Barn,32.3480034,-86.2216178
796990,Eastern & Arbor Station,32.3508403,-86.2200058
796991,Eastern & Haskell,32.3546923,-86.21786
796992,Eastern & Woodmere,32.3569784,-86.216594
796993,Woodmere & Festival,32.354443,-86.2088746
796994,Carmichael & Eastern,32.3599352,-86.2163767
796995,Carmichael & Townplace,32.3598717,-86.2194747
796996,Carmichael & Woods Crossing,32.3598491,-86.2226558
796997,Carmichael & Berry,32.359772,-86.2270573
796998,Carmichael & Woodmere,32.3596927,-86.2288141
796999,Carmichael & Townplace,32.3596973,-86.2196007
797000,Carmichael & Woods Crossing,32.3596338,-86.2228945
797001,Carmichael & Berry,32.3595965,-86.2273067
797002,Carmichael & Woodmere,32.3594311,-86.2291655
797003,4240 Carmichael,32.3590538,-86.2316734
797004,Carmichael & Trinity,32.3589383,-86.2336394
797005,Carmichael & US 85 Pkwy.,32.3587819,-86.2346037
797006,Carmichael & Carmichael,32.3585667,-86.2360078
797007,Carmichael at Montgomery Cancer Care,32.3582948,-86.2377137
797008,Charmichael & Charmichael Way East,32.3579799,-86.2396154
797009,Charmichael & Charmichael Way West,32.3573749,-86.241332
797010,Perry Hill & Interstate,32.3616186,-86.2440249
797011,Perry Hill & Interstate Park,32.3622994,-86.2440491
797012,Perry Hill at CTE Outdoor Power,32.3640869,-86.2440839
797014,Perry Hill & Beth Manor,32.3652186,-86.2440732
797015,Perry Hill & Fain,32.3666674,-86.244037
797016,Harrison & Perry Hill,32.3672122,-86.2445118
797017,Harrison & Avondale,32.3671828,-86.2467742
797018,Harrison & Beechdale,32.3671273,-86.2488596
797019,Harrison at Flowers Elementary,32.3671171,-86.2509839
797020,Harrison & Flowers,32.3671216,-86.2521681
797021,Harrison & Karen,32.3670853,-86.2542495
797022,Harrison & Green Ridge,32.3670967,-86.2551963
797023,Harrison & Noremac,32.3670582,-86.2570082
797024,Harrison at Greenwood Cemetary,32.36704,-86.2597588
797025,Harrison at ABC Affiliate,32.3670196,-86.2618107
797026,Harrison & Fairfax,32.3669857,-86.264053
797027,Chesnut & Lincoln,32.3669743,-86.265437
797028,Chesnut at Alagasco Montgomery,32.3672145,-86.2674406
797029,Chesnut & Greenwood,32.3674761,-86.2697285
797030,Highland & Anderson,32.3723162,-86.2852934
797031,Union & Washington,32.376387,-86.2995225
797032,Union & McDowell Lee,32.3774029,-86.299611
797033,Union & King,32.3779579,-86.2996285
797034,Union & Monroe,32.3788459,-86.2996687
797035,Madison & Union,32.3801993,-86.3002333
798984,Zelda & Carter Hill,32.3529507222508,-86.2635835754631
798985,Perry Hill Rd. & Atlanta Hwy. (West),32.3833517142007,-86.2476336857733
800842,Danville & Pine Park,32.3125770935625,-86.3988680202377
800843,Danville & Lonesome Pine,32.3117689640737,-86.3988597668648
800844,Gunter Park Dr. & Midpark Rd.,32.4028139836455,-86.2373780675185
801350,Vaughn & Fairlane,32.3464429630678,-86.2326373221248
811194,Lower Wetumpka and Cook,32.42843,-86.282372
811195,Cook and 2nd,32.428471,-86.28138
811196,Cook and 3rd,32.428475,-86.280417
811197,Cook and 4th,32.428467,-86.279496
811198,Cook and Johnson,32.426733,-86.279545
811199,Johnson and 3rd,32.426683,-86.280289
811200,Johnson and 1st,32.426679,-86.282157
811201,Wildwood and Boxwood,32.342087,-86.269782
811202,Wildwood and Landsdowne,32.342463,-86.267068
811203,Landsdowne and Stratford,32.343668,-86.266942
811204,Landsdowne and Warrenton,32.34443,-86.265859
811205,Warrenton and Fernway,32.345706,-86.26665
811206,Fernway and Stratford,32.34524,-86.268431
811207,Fernway and Boxwood,32.345633,-86.270166
811208,Allendale and Fernway,32.345585,-86.271741
811209,Allendale Pl. and Fernway,32.34304,-86.272843
